번호,발령일시,발령원,발령구분,재난종류,지역
1,2020-02-29 23:52,DMB인터페이스,DMB,재난위험,원주시
2,2020-02-29 23:29,DMB인터페이스,DMB,재난위험,화성시
3,2020-02-29 23:29,DMB인터페이스,DMB,재난위험,화성시
4,2020-02-29 23:25,DMB인터페이스,DMB,재난위험,포항시
5,2020-02-29 23:24,DMB인터페이스,DMB,재난위험,포항시
6,2020-02-29 23:23,DMB인터페이스,DMB,재난위험,포항시
7,2020-02-29 22:33,DMB인터페이스,DMB,재난위험,이천시
8,2020-02-29 22:27,DMB인터페이스,DMB,재난위험,영주시
9,2020-02-29 22:19,DMB인터페이스,DMB,재난위험,과천시
10,2020-02-29 22:11,DMB인터페이스,DMB,재난위험,하남시
11,2020-02-29 21:37,DMB인터페이스,DMB,재난위험,화성시
12,2020-02-29 21:37,DMB인터페이스,DMB,재난위험,화성시
13,2020-02-29 21:37,DMB인터페이스,DMB,재난위험,화성시
14,2020-02-29 21:37,DMB인터페이스,DMB,재난위험,화성시
15,2020-02-29 21:37,DMB인터페이스,DMB,재난위험,화성시
16,2020-02-29 21:32,DMB인터페이스,DMB,재난위험,상주시
17,2020-02-29 21:29,DMB인터페이스,DMB,재난위험,이천시
18,2020-02-29 21:21,DMB인터페이스,DMB,재난위험,영덕군
19,2020-02-29 21:00,DMB인터페이스,DMB,재난위험,아산시
20,2020-02-29 20:35,DMB인터페이스,DMB,재난위험,강원도
21,2020-02-29 20:08,DMB인터페이스,DMB,재난위험,아산시
22,2020-02-29 20:05,DMB인터페이스,DMB,재난위험,오산시
23,2020-02-29 20:03,DMB인터페이스,DMB,재난위험,오산시
24,2020-02-29 20:01,DMB인터페이스,DMB,재난위험,오산시
25,2020-02-29 20:00,DMB인터페이스,DMB,재난위험,오산시
26,2020-02-29 19:59,DMB인터페이스,DMB,재난위험,오산시
27,2020-02-29 19:58,DMB인터페이스,DMB,재난위험,오산시
28,2020-02-29 19:57,DMB인터페이스,DMB,재난위험,오산시
29,2020-02-29 19:55,DMB인터페이스,DMB,재난위험,오산시
30,2020-02-29 19:54,DMB인터페이스,DMB,재난위험,오산시
31,2020-02-29 19:53,DMB인터페이스,DMB,재난위험,오산시
32,2020-02-29 19:50,DMB인터페이스,DMB,재난위험,성주군
33,2020-02-29 19:48,DMB인터페이스,DMB,재난위험,서구
34,2020-02-29 19:48,DMB인터페이스,DMB,재난위험,서구
35,2020-02-29 19:47,DMB인터페이스,DMB,재난위험,서구
36,2020-02-29 19:47,DMB인터페이스,DMB,재난위험,서구
37,2020-02-29 19:35,DMB인터페이스,DMB,재난위험,안동시
38,2020-02-29 19:27,DMB인터페이스,DMB,재난위험,울산광역시
39,2020-02-29 19:17,DMB인터페이스,DMB,재난위험,과천시
40,2020-02-29 19:14,DMB인터페이스,DMB,재난위험,영동군
41,2020-02-29 19:11,DMB인터페이스,DMB,재난위험,광주광역시
42,2020-02-29 19:03,DMB인터페이스,DMB,재난위험,순천시
43,2020-02-29 18:56,DMB인터페이스,DMB,재난위험,화성시
44,2020-02-29 18:54,DMB인터페이스,DMB,재난위험,화성시
45,2020-02-29 18:53,DMB인터페이스,DMB,재난위험,화성시
46,2020-02-29 18:53,DMB인터페이스,DMB,재난위험,화성시
47,2020-02-29 18:53,DMB인터페이스,DMB,재난위험,화성시
48,2020-02-29 18:50,DMB인터페이스,DMB,재난위험,이천시
49,2020-02-29 18:49,DMB인터페이스,DMB,재난위험,고흥군
50,2020-02-29 18:49,DMB인터페이스,DMB,재난위험,김포시
51,2020-02-29 18:46,DMB인터페이스,DMB,재난위험,서구
52,2020-02-29 18:45,DMB인터페이스,DMB,재난위험,서구
53,2020-02-29 18:44,DMB인터페이스,DMB,재난위험,울산광역시
54,2020-02-29 18:43,DMB인터페이스,DMB,재난위험,포항시
55,2020-02-29 18:42,DMB인터페이스,DMB,재난위험,부여군
56,2020-02-29 18:42,DMB인터페이스,DMB,재난위험,울산광역시
57,2020-02-29 18:41,DMB인터페이스,DMB,재난위험,울산광역시
58,2020-02-29 18:39,DMB인터페이스,DMB,재난위험,울산광역시
59,2020-02-29 18:38,DMB인터페이스,DMB,재난위험,울산광역시
60,2020-02-29 18:37,DMB인터페이스,DMB,재난위험,울산광역시
61,2020-02-29 18:33,DMB인터페이스,DMB,재난위험,거제시
62,2020-02-29 18:32,DMB인터페이스,DMB,재난위험,울산광역시
63,2020-02-29 18:30,DMB인터페이스,DMB,재난위험,울산광역시
64,2020-02-29 18:29,DMB인터페이스,DMB,재난위험,울산광역시
65,2020-02-29 18:28,DMB인터페이스,DMB,재난위험,안동시
66,2020-02-29 18:26,DMB인터페이스,DMB,재난위험,울산광역시
67,2020-02-29 18:26,DMB인터페이스,DMB,재난위험,정읍시
68,2020-02-29 18:23,DMB인터페이스,DMB,재난위험,안양시
69,2020-02-29 18:23,DMB인터페이스,DMB,재난위험,거제시
70,2020-02-29 18:22,DMB인터페이스,DMB,재난위험,울산광역시
71,2020-02-29 18:21,DMB인터페이스,DMB,재난위험,홍성군
72,2020-02-29 18:20,DMB인터페이스,DMB,재난위험,전라남도
73,2020-02-29 18:19,DMB인터페이스,DMB,재난위험,울산광역시
74,2020-02-29 18:16,DMB인터페이스,DMB,재난위험,구미시
75,2020-02-29 18:16,DMB인터페이스,DMB,재난위험,경기도
76,2020-02-29 18:13,DMB인터페이스,DMB,재난위험,서구
77,2020-02-29 18:11,DMB인터페이스,DMB,재난위험,울산광역시
78,2020-02-29 18:07,DMB인터페이스,DMB,재난위험,울산광역시
79,2020-02-29 18:07,DMB인터페이스,DMB,재난위험,해남군
80,2020-02-29 18:07,DMB인터페이스,DMB,재난위험,안동시
81,2020-02-29 18:00,DMB인터페이스,DMB,재난위험,순천시
82,2020-02-29 17:59,DMB인터페이스,DMB,재난위험,울산광역시
83,2020-02-29 17:57,DMB인터페이스,DMB,재난위험,울산광역시
84,2020-02-29 17:57,DMB인터페이스,DMB,재난위험,수영구
85,2020-02-29 17:57,DMB인터페이스,DMB,재난위험,수영구
86,2020-02-29 17:57,DMB인터페이스,DMB,재난위험,수영구
87,2020-02-29 17:56,DMB인터페이스,DMB,재난위험,수영구
88,2020-02-29 17:56,DMB인터페이스,DMB,재난위험,울산광역시
89,2020-02-29 17:56,DMB인터페이스,DMB,재난위험,수영구
90,2020-02-29 17:55,DMB인터페이스,DMB,재난위험,울산광역시
91,2020-02-29 17:54,DMB인터페이스,DMB,재난위험,의성군
92,2020-02-29 17:53,DMB인터페이스,DMB,재난위험,철원군
93,2020-02-29 17:53,DMB인터페이스,DMB,재난위험,의성군
94,2020-02-29 17:52,DMB인터페이스,DMB,재난위험,울산광역시
95,2020-02-29 17:51,DMB인터페이스,DMB,재난위험,의성군
96,2020-02-29 17:43,DMB인터페이스,DMB,재난위험,군산시
97,2020-02-29 17:40,DMB인터페이스,DMB,재난위험,청도군
98,2020-02-29 17:36,DMB인터페이스,DMB,재난위험,포항시
99,2020-02-29 17:28,DMB인터페이스,DMB,재난위험,옥천군
100,2020-02-29 17:20,DMB인터페이스,DMB,재난위험,거창군
101,2020-02-29 17:19,DMB인터페이스,DMB,재난위험,김천시
102,2020-02-29 17:19,DMB인터페이스,DMB,재난위험,거창군
103,2020-02-29 17:17,DMB인터페이스,DMB,재난위험,거창군
104,2020-02-29 17:17,DMB인터페이스,DMB,재난위험,거제시
105,2020-02-29 17:16,DMB인터페이스,DMB,재난위험,구미시
106,2020-02-29 17:16,DMB인터페이스,DMB,재난위험,거창군
107,2020-02-29 17:12,DMB인터페이스,DMB,재난위험,서천군
108,2020-02-29 17:11,DMB인터페이스,DMB,재난위험,여수시
109,2020-02-29 17:10,DMB인터페이스,DMB,재난위험,속초시
110,2020-02-29 17:07,DMB인터페이스,DMB,재난위험,양산시
111,2020-02-29 17:02,DMB인터페이스,DMB,재난위험,군위군
112,2020-02-29 16:55,DMB인터페이스,DMB,재난위험,밀양시
113,2020-02-29 16:45,DMB인터페이스,DMB,재난위험,전주시
114,2020-02-29 16:45,DMB인터페이스,DMB,재난위험,전주시
115,2020-02-29 16:44,DMB인터페이스,DMB,재난위험,전주시
116,2020-02-29 16:44,DMB인터페이스,DMB,재난위험,전주시
117,2020-02-29 16:42,DMB인터페이스,DMB,재난위험,연천군
118,2020-02-29 16:32,DMB인터페이스,DMB,재난위험,양주시
119,2020-02-29 16:26,DMB인터페이스,DMB,재난위험,김천시
120,2020-02-29 16:26,DMB인터페이스,DMB,재난위험,여수시
121,2020-02-29 16:21,DMB인터페이스,DMB,재난위험,담양군
122,2020-02-29 16:16,DMB인터페이스,DMB,재난위험,부천시
123,2020-02-29 16:07,DMB인터페이스,DMB,재난위험,포천시
124,2020-02-29 16:05,DMB인터페이스,DMB,재난위험,안동시
125,2020-02-29 16:04,DMB인터페이스,DMB,재난위험,안동시
126,2020-02-29 16:03,DMB인터페이스,DMB,재난위험,안동시
127,2020-02-29 16:03,DMB인터페이스,DMB,재난위험,안동시
128,2020-02-29 16:03,DMB인터페이스,DMB,재난위험,안동시
129,2020-02-29 16:02,DMB인터페이스,DMB,재난위험,안동시
130,2020-02-29 16:02,DMB인터페이스,DMB,재난위험,서구
131,2020-02-29 16:02,DMB인터페이스,DMB,재난위험,안동시
132,2020-02-29 16:02,DMB인터페이스,DMB,재난위험,안동시
133,2020-02-29 16:01,DMB인터페이스,DMB,재난위험,안동시
134,2020-02-29 15:59,DMB인터페이스,DMB,재난위험,안동시
135,2020-02-29 15:59,DMB인터페이스,DMB,재난위험,안동시
136,2020-02-29 15:57,DMB인터페이스,DMB,재난위험,의정부시
137,2020-02-29 15:55,DMB인터페이스,DMB,재난위험,군포시
138,2020-02-29 15:51,DMB인터페이스,DMB,재난위험,화성시
139,2020-02-29 15:45,DMB인터페이스,DMB,재난위험,수원시
140,2020-02-29 15:42,DMB인터페이스,DMB,재난위험,하남시
141,2020-02-29 15:41,DMB인터페이스,DMB,재난위험,영동군
142,2020-02-29 15:40,DMB인터페이스,DMB,재난위험,동두천시
143,2020-02-29 15:36,DMB인터페이스,DMB,재난위험,안동시
144,2020-02-29 15:36,DMB인터페이스,DMB,재난위험,안동시
145,2020-02-29 15:35,DMB인터페이스,DMB,재난위험,안동시
146,2020-02-29 15:34,DMB인터페이스,DMB,재난위험,안동시
147,2020-02-29 15:31,DMB인터페이스,DMB,재난위험,장성군
148,2020-02-29 15:28,DMB인터페이스,DMB,재난위험,완주군
149,2020-02-29 15:28,DMB인터페이스,DMB,재난위험,안동시
150,2020-02-29 15:27,DMB인터페이스,DMB,재난위험,안동시
151,2020-02-29 15:27,DMB인터페이스,DMB,재난위험,안동시
152,2020-02-29 15:25,DMB인터페이스,DMB,재난위험,안동시
153,2020-02-29 15:24,DMB인터페이스,DMB,재난위험,안동시
154,2020-02-29 15:23,DMB인터페이스,DMB,재난위험,김천시
155,2020-02-29 15:22,DMB인터페이스,DMB,재난위험,군산시
156,2020-02-29 15:18,DMB인터페이스,DMB,재난위험,안동시
157,2020-02-29 15:18,DMB인터페이스,DMB,재난위험,안동시
158,2020-02-29 15:17,DMB인터페이스,DMB,재난위험,안동시
159,2020-02-29 15:11,DMB인터페이스,DMB,재난위험,여수시
160,2020-02-29 15:05,DMB인터페이스,DMB,재난위험,영주시
161,2020-02-29 14:44,DMB인터페이스,DMB,재난위험,시흥시
162,2020-02-29 14:39,DMB인터페이스,DMB,재난위험,여수시
163,2020-02-29 14:38,DMB인터페이스,DMB,재난위험,거창군
164,2020-02-29 14:37,DMB인터페이스,DMB,재난위험,거창군
165,2020-02-29 14:37,DMB인터페이스,DMB,재난위험,거창군
166,2020-02-29 14:35,DMB인터페이스,DMB,재난위험,광주광역시
167,2020-02-29 14:30,DMB인터페이스,DMB,재난위험,여수시
168,2020-02-29 14:26,DMB인터페이스,DMB,재난위험,전라북도
169,2020-02-29 14:24,DMB인터페이스,DMB,재난위험,영광군
170,2020-02-29 14:24,DMB인터페이스,DMB,재난위험,남해군
171,2020-02-29 14:12,DMB인터페이스,DMB,재난위험,거창군
172,2020-02-29 14:10,DMB인터페이스,DMB,재난위험,거창군
173,2020-02-29 13:56,DMB인터페이스,DMB,재난위험,성남시
174,2020-02-29 13:52,DMB인터페이스,DMB,재난위험,영덕군
175,2020-02-29 13:50,DMB인터페이스,DMB,재난위험,거창군
176,2020-02-29 13:49,DMB인터페이스,DMB,재난위험,가평군
177,2020-02-29 13:48,DMB인터페이스,DMB,재난위험,김천시
178,2020-02-29 13:48,DMB인터페이스,DMB,재난위험,김천시
179,2020-02-29 13:48,DMB인터페이스,DMB,재난위험,김천시
180,2020-02-29 13:48,DMB인터페이스,DMB,재난위험,김천시
181,2020-02-29 13:47,DMB인터페이스,DMB,재난위험,거창군
182,2020-02-29 13:46,DMB인터페이스,DMB,재난위험,거창군
183,2020-02-29 13:44,DMB인터페이스,DMB,재난위험,구례군
184,2020-02-29 13:44,DMB인터페이스,DMB,재난위험,여수시
185,2020-02-29 13:39,DMB인터페이스,DMB,재난위험,오산시
186,2020-02-29 13:38,DMB인터페이스,DMB,재난위험,충청남도
187,2020-02-29 13:36,DMB인터페이스,DMB,재난위험,밀양시
188,2020-02-29 13:30,DMB인터페이스,DMB,재난위험,여수시
189,2020-02-29 13:29,DMB인터페이스,DMB,재난위험,거창군
190,2020-02-29 13:28,DMB인터페이스,DMB,재난위험,거창군
191,2020-02-29 13:27,DMB인터페이스,DMB,재난위험,거창군
192,2020-02-29 13:26,DMB인터페이스,DMB,재난위험,거창군
193,2020-02-29 13:26,DMB인터페이스,DMB,재난위험,거창군
194,2020-02-29 13:25,DMB인터페이스,DMB,재난위험,연천군
195,2020-02-29 13:23,DMB인터페이스,DMB,재난위험,구례군
196,2020-02-29 13:23,DMB인터페이스,DMB,재난위험,구례군
197,2020-02-29 13:17,DMB인터페이스,DMB,재난위험,원주시
198,2020-02-29 13:16,DMB인터페이스,DMB,재난위험,밀양시
199,2020-02-29 13:13,DMB인터페이스,DMB,재난위험,산청군
200,2020-02-29 13:12,DMB인터페이스,DMB,재난위험,광양시
201,2020-02-29 13:12,DMB인터페이스,DMB,재난위험,전주시
202,2020-02-29 13:10,DMB인터페이스,DMB,재난위험,거창군
203,2020-02-29 13:04,DMB인터페이스,DMB,재난위험,거창군
204,2020-02-29 13:03,DMB인터페이스,DMB,재난위험,거창군
205,2020-02-29 13:01,DMB인터페이스,DMB,재난위험,울산광역시
206,2020-02-29 13:00,DMB인터페이스,DMB,재난위험,거창군
207,2020-02-29 12:57,DMB인터페이스,DMB,재난위험,거창군
208,2020-02-29 12:57,DMB인터페이스,DMB,재난위험,순천시
209,2020-02-29 12:56,DMB인터페이스,DMB,재난위험,달성군
210,2020-02-29 12:42,DMB인터페이스,DMB,재난위험,보령시
211,2020-02-29 12:40,DMB인터페이스,DMB,재난위험,화성시
212,2020-02-29 12:30,DMB인터페이스,DMB,재난위험,포항시
213,2020-02-29 12:26,DMB인터페이스,DMB,재난위험,고령군
214,2020-02-29 12:25,DMB인터페이스,DMB,재난위험,강서구
215,2020-02-29 12:14,DMB인터페이스,DMB,재난위험,구미시
216,2020-02-29 12:09,DMB인터페이스,DMB,재난위험,익산시
217,2020-02-29 12:06,DMB인터페이스,DMB,재난위험,거창군
218,2020-02-29 12:06,DMB인터페이스,DMB,재난위험,창녕군
219,2020-02-29 12:05,DMB인터페이스,DMB,재난위험,화성시
220,2020-02-29 12:04,DMB인터페이스,DMB,재난위험,영양군
221,2020-02-29 12:01,DMB인터페이스,DMB,재난위험,화성시
222,2020-02-29 11:59,DMB인터페이스,DMB,재난위험,영동군
223,2020-02-29 11:57,DMB인터페이스,DMB,재난위험,논산시
224,2020-02-29 11:56,DMB인터페이스,DMB,재난위험,곡성군
225,2020-02-29 11:55,DMB인터페이스,DMB,재난위험,칠곡군
226,2020-02-29 11:54,DMB인터페이스,DMB,재난위험,경산시
227,2020-02-29 11:54,DMB인터페이스,DMB,재난위험,칠곡군
228,2020-02-29 11:52,DMB인터페이스,DMB,재난위험,장성군
229,2020-02-29 11:51,DMB인터페이스,DMB,재난위험,목포시
230,2020-02-29 11:48,DMB인터페이스,DMB,재난위험,곡성군
231,2020-02-29 11:46,DMB인터페이스,DMB,재난위험,계양구
232,2020-02-29 11:43,DMB인터페이스,DMB,재난위험,밀양시
233,2020-02-29 11:42,DMB인터페이스,DMB,재난위험,안성시
234,2020-02-29 11:41,DMB인터페이스,DMB,재난위험,곡성군
235,2020-02-29 11:40,DMB인터페이스,DMB,재난위험,안동시
236,2020-02-29 11:38,DMB인터페이스,DMB,재난위험,안동시
237,2020-02-29 11:38,DMB인터페이스,DMB,재난위험,평택시
238,2020-02-29 11:37,DMB인터페이스,DMB,재난위험,거제시
239,2020-02-29 11:37,DMB인터페이스,DMB,재난위험,창녕군
240,2020-02-29 11:37,DMB인터페이스,DMB,재난위험,영덕군
241,2020-02-29 11:35,DMB인터페이스,DMB,재난위험,안동시
242,2020-02-29 11:33,DMB인터페이스,DMB,재난위험,안동시
243,2020-02-29 11:31,DMB인터페이스,DMB,재난위험,세종특별자치시
244,2020-02-29 11:30,DMB인터페이스,DMB,재난위험,순창군
245,2020-02-29 11:29,DMB인터페이스,DMB,재난위험,무안군
246,2020-02-29 11:29,DMB인터페이스,DMB,재난위험,광양시
247,2020-02-29 11:26,DMB인터페이스,DMB,재난위험,성주군
248,2020-02-29 11:25,DMB인터페이스,DMB,재난위험,성주군
249,2020-02-29 11:18,DMB인터페이스,DMB,재난위험,이천시
250,2020-02-29 11:15,DMB인터페이스,DMB,재난위험,나주시
251,2020-02-29 11:08,DMB인터페이스,DMB,재난위험,순천시
252,2020-02-29 11:07,DMB인터페이스,DMB,재난위험,칠곡군
253,2020-02-29 11:07,DMB인터페이스,DMB,재난위험,고흥군
254,2020-02-29 11:01,DMB인터페이스,DMB,재난위험,화성시
255,2020-02-29 11:01,DMB인터페이스,DMB,재난위험,고흥군
256,2020-02-29 11:01,DMB인터페이스,DMB,재난위험,연제구
257,2020-02-29 10:57,DMB인터페이스,DMB,재난위험,해운대구
258,2020-02-29 10:53,DMB인터페이스,DMB,재난위험,함평군
259,2020-02-29 10:47,DMB인터페이스,DMB,재난위험,칠곡군
260,2020-02-29 10:43,DMB인터페이스,DMB,재난위험,과천시
261,2020-02-29 10:43,DMB인터페이스,DMB,재난위험,김천시
262,2020-02-29 10:41,DMB인터페이스,DMB,재난위험,무주군
263,2020-02-29 10:33,DMB인터페이스,DMB,재난위험,옥천군
264,2020-02-29 10:30,DMB인터페이스,DMB,재난위험,해운대구
265,2020-02-29 10:17,DMB인터페이스,DMB,재난위험,청도군
266,2020-02-29 10:15,DMB인터페이스,DMB,재난위험,거제시
267,2020-02-29 10:15,DMB인터페이스,DMB,재난위험,여수시
268,2020-02-29 10:12,DMB인터페이스,DMB,재난위험,해운대구
269,2020-02-29 10:12,DMB인터페이스,DMB,재난위험,해운대구
270,2020-02-29 10:10,DMB인터페이스,DMB,재난위험,장흥군
271,2020-02-29 9:59,DMB인터페이스,DMB,재난위험,봉화군
272,2020-02-29 9:59,DMB인터페이스,DMB,재난위험,보성군
273,2020-02-29 9:52,DMB인터페이스,DMB,재난위험,경상북도
274,2020-02-29 9:51,DMB인터페이스,DMB,재난위험,여수시
275,2020-02-29 9:48,DMB인터페이스,DMB,재난위험,창녕군
276,2020-02-29 9:39,DMB인터페이스,DMB,재난위험,안동시
277,2020-02-29 9:30,DMB인터페이스,DMB,재난위험,순천시
278,2020-02-29 9:25,DMB인터페이스,DMB,재난위험,수원시
279,2020-02-29 9:23,DMB인터페이스,DMB,재난위험,청양군
280,2020-02-29 9:22,DMB인터페이스,DMB,재난위험,전라북도
281,2020-02-29 9:05,DMB인터페이스,DMB,재난위험,영동군
282,2020-02-29 8:56,DMB인터페이스,DMB,재난위험,오산시
283,2020-02-29 8:49,DMB인터페이스,DMB,재난위험,오산시
284,2020-02-29 8:48,DMB인터페이스,DMB,재난위험,밀양시
285,2020-02-29 8:45,DMB인터페이스,DMB,재난위험,김천시
286,2020-02-29 8:45,DMB인터페이스,DMB,재난위험,밀양시
287,2020-02-29 8:43,DMB인터페이스,DMB,재난위험,밀양시
288,2020-02-29 8:40,DMB인터페이스,DMB,재난위험,서울특별시
289,2020-02-29 8:32,DMB인터페이스,DMB,재난위험,여수시
290,2020-02-29 8:29,DMB인터페이스,DMB,재난위험,충청남도
291,2020-02-29 8:19,DMB인터페이스,DMB,재난위험,아산시
292,2020-02-29 8:06,DMB인터페이스,DMB,재난위험,강릉시
293,2020-02-29 8:05,DMB인터페이스,DMB,재난위험,창녕군
294,2020-02-29 6:57,DMB인터페이스,DMB,재난위험,밀양시
295,2020-02-29 0:13,DMB인터페이스,DMB,재난위험,안양시
296,2020-02-28 23:28,DMB인터페이스,DMB,재난위험,포항시
297,2020-02-28 23:17,DMB인터페이스,DMB,재난위험,화성시
298,2020-02-28 23:17,DMB인터페이스,DMB,재난위험,화성시
299,2020-02-28 22:26,DMB인터페이스,DMB,재난위험,순천시
300,2020-02-28 22:22,DMB인터페이스,DMB,재난위험,순천시
301,2020-02-28 21:35,DMB인터페이스,DMB,재난위험,아산시
302,2020-02-28 21:13,DMB인터페이스,DMB,재난위험,고흥군
303,2020-02-28 21:12,DMB인터페이스,DMB,재난위험,김천시
304,2020-02-28 21:12,DMB인터페이스,DMB,재난위험,김천시
305,2020-02-28 21:12,DMB인터페이스,DMB,재난위험,김천시
306,2020-02-28 21:12,DMB인터페이스,DMB,재난위험,김천시
307,2020-02-28 21:11,DMB인터페이스,DMB,재난위험,김천시
308,2020-02-28 21:11,DMB인터페이스,DMB,재난위험,김천시
309,2020-02-28 20:19,DMB인터페이스,DMB,재난위험,거제시
310,2020-02-28 20:15,DMB인터페이스,DMB,재난위험,성주군
311,2020-02-28 20:09,DMB인터페이스,DMB,재난위험,성주군
312,2020-02-28 20:00,DMB인터페이스,DMB,재난위험,성주군
313,2020-02-28 19:57,DMB인터페이스,DMB,재난위험,평택시
314,2020-02-28 19:55,DMB인터페이스,DMB,재난위험,평택시
315,2020-02-28 19:48,DMB인터페이스,DMB,재난위험,구례군
316,2020-02-28 19:44,DMB인터페이스,DMB,재난위험,포항시
317,2020-02-28 19:44,DMB인터페이스,DMB,재난위험,아산시
318,2020-02-28 19:39,DMB인터페이스,DMB,재난위험,원주시
319,2020-02-28 19:28,DMB인터페이스,DMB,재난위험,서천군
320,2020-02-28 19:21,DMB인터페이스,DMB,재난위험,영동군
321,2020-02-28 19:20,DMB인터페이스,DMB,재난위험,수영구
322,2020-02-28 19:20,DMB인터페이스,DMB,재난위험,영덕군
323,2020-02-28 19:19,DMB인터페이스,DMB,재난위험,수영구
324,2020-02-28 19:19,DMB인터페이스,DMB,재난위험,수영구
325,2020-02-28 19:18,DMB인터페이스,DMB,재난위험,수영구
326,2020-02-28 19:18,DMB인터페이스,DMB,재난위험,수영구
327,2020-02-28 19:18,DMB인터페이스,DMB,재난위험,수영구
328,2020-02-28 19:17,DMB인터페이스,DMB,재난위험,수영구
329,2020-02-28 19:17,DMB인터페이스,DMB,재난위험,수영구
330,2020-02-28 19:11,DMB인터페이스,DMB,재난위험,북구
331,2020-02-28 19:07,DMB인터페이스,DMB,재난위험,시흥시
332,2020-02-28 19:01,DMB인터페이스,DMB,재난위험,여수시
333,2020-02-28 19:01,DMB인터페이스,DMB,재난위험,성주군
334,2020-02-28 19:00,DMB인터페이스,DMB,재난위험,순천시
335,2020-02-28 18:58,DMB인터페이스,DMB,재난위험,아산시
336,2020-02-28 18:57,DMB인터페이스,DMB,재난위험,창녕군
337,2020-02-28 18:54,DMB인터페이스,DMB,재난위험,순천시
338,2020-02-28 18:54,DMB인터페이스,DMB,재난위험,평택시
339,2020-02-28 18:53,DMB인터페이스,DMB,재난위험,밀양시
340,2020-02-28 18:51,DMB인터페이스,DMB,재난위험,평택시
341,2020-02-28 18:50,DMB인터페이스,DMB,재난위험,익산시
342,2020-02-28 18:48,DMB인터페이스,DMB,재난위험,성주군
343,2020-02-28 18:46,DMB인터페이스,DMB,재난위험,밀양시
344,2020-02-28 18:46,DMB인터페이스,DMB,재난위험,밀양시
345,2020-02-28 18:45,DMB인터페이스,DMB,재난위험,기장군
346,2020-02-28 18:43,DMB인터페이스,DMB,재난위험,서대문구
347,2020-02-28 18:38,DMB인터페이스,DMB,재난위험,성주군
348,2020-02-28 18:36,DMB인터페이스,DMB,재난위험,여수시
349,2020-02-28 18:33,DMB인터페이스,DMB,재난위험,거창군
350,2020-02-28 18:26,DMB인터페이스,DMB,재난위험,영양군
351,2020-02-28 18:25,DMB인터페이스,DMB,재난위험,군위군
352,2020-02-28 18:22,DMB인터페이스,DMB,재난위험,무안군
353,2020-02-28 18:22,DMB인터페이스,DMB,재난위험,성주군
354,2020-02-28 18:20,DMB인터페이스,DMB,재난위험,광양시
355,2020-02-28 18:19,DMB인터페이스,DMB,재난위험,달성군
356,2020-02-28 18:17,DMB인터페이스,DMB,재난위험,중구
357,2020-02-28 18:16,DMB인터페이스,DMB,재난위험,성주군
358,2020-02-28 18:15,DMB인터페이스,DMB,재난위험,성주군
359,2020-02-28 18:15,DMB인터페이스,DMB,재난위험,해운대구
360,2020-02-28 18:13,DMB인터페이스,DMB,재난위험,칠곡군
361,2020-02-28 18:13,DMB인터페이스,DMB,재난위험,해남군
362,2020-02-28 18:12,DMB인터페이스,DMB,재난위험,울산광역시
363,2020-02-28 18:09,DMB인터페이스,DMB,재난위험,고흥군
364,2020-02-28 18:07,DMB인터페이스,DMB,재난위험,양평군
365,2020-02-28 18:06,DMB인터페이스,DMB,재난위험,옥천군
366,2020-02-28 18:05,DMB인터페이스,DMB,재난위험,홍성군
367,2020-02-28 18:05,DMB인터페이스,DMB,재난위험,춘천시
368,2020-02-28 18:05,DMB인터페이스,DMB,재난위험,울산광역시
369,2020-02-28 18:04,DMB인터페이스,DMB,재난위험,포항시
370,2020-02-28 18:02,DMB인터페이스,DMB,재난위험,양평군
371,2020-02-28 18:01,DMB인터페이스,DMB,재난위험,울산광역시
372,2020-02-28 18:00,DMB인터페이스,DMB,재난위험,울진군
373,2020-02-28 18:00,DMB인터페이스,DMB,재난위험,목포시
374,2020-02-28 17:59,DMB인터페이스,DMB,재난위험,기장군
375,2020-02-28 17:59,DMB인터페이스,DMB,재난위험,전라북도
376,2020-02-28 17:56,DMB인터페이스,DMB,재난위험,이천시
377,2020-02-28 17:53,DMB인터페이스,DMB,재난위험,성주군
378,2020-02-28 17:52,DMB인터페이스,DMB,재난위험,울산광역시
379,2020-02-28 17:52,DMB인터페이스,DMB,재난위험,해운대구
380,2020-02-28 17:51,DMB인터페이스,DMB,재난위험,광주광역시
381,2020-02-28 17:50,DMB인터페이스,DMB,재난위험,군산시
382,2020-02-28 17:49,DMB인터페이스,DMB,재난위험,해운대구
383,2020-02-28 17:48,DMB인터페이스,DMB,재난위험,완도군
384,2020-02-28 17:48,DMB인터페이스,DMB,재난위험,사천시
385,2020-02-28 17:48,DMB인터페이스,DMB,재난위험,김천시
386,2020-02-28 17:48,DMB인터페이스,DMB,재난위험,동구
387,2020-02-28 17:47,DMB인터페이스,DMB,재난위험,성남시
388,2020-02-28 17:47,DMB인터페이스,DMB,재난위험,창녕군
389,2020-02-28 17:46,DMB인터페이스,DMB,재난위험,창녕군
390,2020-02-28 17:46,DMB인터페이스,DMB,재난위험,창녕군
391,2020-02-28 17:45,DMB인터페이스,DMB,재난위험,강남구
392,2020-02-28 17:45,DMB인터페이스,DMB,재난위험,속초시
393,2020-02-28 17:42,DMB인터페이스,DMB,재난위험,수영구
394,2020-02-28 17:41,DMB인터페이스,DMB,재난위험,수영구
395,2020-02-28 17:41,DMB인터페이스,DMB,재난위험,수영구
396,2020-02-28 17:41,DMB인터페이스,DMB,재난위험,수영구
397,2020-02-28 17:40,DMB인터페이스,DMB,재난위험,수영구
398,2020-02-28 17:40,DMB인터페이스,DMB,재난위험,수영구
399,2020-02-28 17:40,DMB인터페이스,DMB,재난위험,수영구
400,2020-02-28 17:40,DMB인터페이스,DMB,재난위험,수영구
401,2020-02-28 16:13,DMB인터페이스,DMB,재난위험,밀양시
402,2020-02-28 16:12,DMB인터페이스,DMB,재난위험,밀양시
403,2020-02-28 16:06,DMB인터페이스,DMB,재난위험,공주시
404,2020-02-28 16:03,DMB인터페이스,DMB,재난위험,세종특별자치시
405,2020-02-28 16:01,DMB인터페이스,DMB,재난위험,울산광역시
406,2020-02-28 15:59,DMB인터페이스,DMB,재난위험,안산시
407,2020-02-28 15:51,DMB인터페이스,DMB,재난위험,울산광역시
408,2020-02-28 15:44,DMB인터페이스,DMB,재난위험,울산광역시
409,2020-02-28 15:43,DMB인터페이스,DMB,재난위험,평창군
410,2020-02-28 15:43,DMB인터페이스,DMB,재난위험,여수시
411,2020-02-28 15:43,DMB인터페이스,DMB,재난위험,성주군
412,2020-02-28 15:36,DMB인터페이스,DMB,재난위험,울산광역시
413,2020-02-28 15:33,DMB인터페이스,DMB,재난위험,울산광역시
414,2020-02-28 15:30,DMB인터페이스,DMB,재난위험,울산광역시
415,2020-02-28 15:27,DMB인터페이스,DMB,재난위험,인천광역시
416,2020-02-28 15:26,DMB인터페이스,DMB,재난위험,세종특별자치시
417,2020-02-28 15:26,DMB인터페이스,DMB,재난위험,세종특별자치시
418,2020-02-28 15:24,DMB인터페이스,DMB,재난위험,영동군
419,2020-02-28 15:21,DMB인터페이스,DMB,재난위험,임실군
420,2020-02-28 15:14,DMB인터페이스,DMB,재난위험,제주특별자치도
421,2020-02-28 15:12,DMB인터페이스,DMB,재난위험,아산시
422,2020-02-28 15:04,DMB인터페이스,DMB,재난위험,정읍시
423,2020-02-28 15:02,DMB인터페이스,DMB,재난위험,밀양시
424,2020-02-28 14:45,DMB인터페이스,DMB,재난위험,창녕군
425,2020-02-28 14:33,DMB인터페이스,DMB,재난위험,화성시
426,2020-02-28 14:32,DMB인터페이스,DMB,재난위험,화성시
427,2020-02-28 14:28,DMB인터페이스,DMB,재난위험,양산시
428,2020-02-28 14:12,DMB인터페이스,DMB,재난위험,안동시
429,2020-02-28 14:07,DMB인터페이스,DMB,재난위험,김천시
430,2020-02-28 14:07,DMB인터페이스,DMB,재난위험,김천시
431,2020-02-28 14:06,DMB인터페이스,DMB,재난위험,김천시
432,2020-02-28 14:06,DMB인터페이스,DMB,재난위험,김천시
433,2020-02-28 14:06,DMB인터페이스,DMB,재난위험,부안군
434,2020-02-28 14:06,DMB인터페이스,DMB,재난위험,장수군
435,2020-02-28 14:06,DMB인터페이스,DMB,재난위험,담양군
436,2020-02-28 14:02,DMB인터페이스,DMB,재난위험,대전광역시
437,2020-02-28 14:01,DMB인터페이스,DMB,재난위험,군위군
438,2020-02-28 14:00,DMB인터페이스,DMB,재난위험,영광군
439,2020-02-28 13:58,DMB인터페이스,DMB,재난위험,구례군
440,2020-02-28 13:48,DMB인터페이스,DMB,재난위험,대구광역시
441,2020-02-28 13:43,DMB인터페이스,DMB,재난위험,서산시
442,2020-02-28 13:35,DMB인터페이스,DMB,재난위험,칠곡군
443,2020-02-28 13:34,DMB인터페이스,DMB,재난위험,칠곡군
444,2020-02-28 13:32,DMB인터페이스,DMB,재난위험,공주시
445,2020-02-28 13:26,DMB인터페이스,DMB,재난위험,부평구
446,2020-02-28 13:23,DMB인터페이스,DMB,재난위험,충청남도
447,2020-02-28 13:21,DMB인터페이스,DMB,재난위험,평택시
448,2020-02-28 13:17,DMB인터페이스,DMB,재난위험,영덕군
449,2020-02-28 13:13,DMB인터페이스,DMB,재난위험,군산시
450,2020-02-28 13:09,DMB인터페이스,DMB,재난위험,공주시
451,2020-02-28 13:08,DMB인터페이스,DMB,재난위험,고양시
452,2020-02-28 13:02,DMB인터페이스,DMB,재난위험,북구
453,2020-02-28 12:54,DMB인터페이스,DMB,재난위험,전라북도
454,2020-02-28 12:26,DMB인터페이스,DMB,재난위험,대전광역시
455,2020-02-28 12:24,DMB인터페이스,DMB,재난위험,충청남도
456,2020-02-28 12:18,DMB인터페이스,DMB,재난위험,강남구
457,2020-02-28 12:05,DMB인터페이스,DMB,재난위험,의성군
458,2020-02-28 12:03,DMB인터페이스,DMB,재난위험,의성군
459,2020-02-28 12:03,DMB인터페이스,DMB,재난위험,영동군
460,2020-02-28 12:02,DMB인터페이스,DMB,재난위험,순천시
461,2020-02-28 12:02,DMB인터페이스,DMB,재난위험,의성군
462,2020-02-28 12:01,DMB인터페이스,DMB,재난위험,의성군
463,2020-02-28 12:01,DMB인터페이스,DMB,재난위험,의성군
464,2020-02-28 12:00,DMB인터페이스,DMB,재난위험,의성군
465,2020-02-28 11:59,DMB인터페이스,DMB,재난위험,의성군
466,2020-02-28 11:59,DMB인터페이스,DMB,재난위험,의성군
467,2020-02-28 11:58,DMB인터페이스,DMB,재난위험,의성군
468,2020-02-28 11:58,DMB인터페이스,DMB,재난위험,의성군
469,2020-02-28 11:57,DMB인터페이스,DMB,재난위험,구미시
470,2020-02-28 11:51,DMB인터페이스,DMB,재난위험,달성군
471,2020-02-28 11:45,DMB인터페이스,DMB,재난위험,광주광역시
472,2020-02-28 11:44,DMB인터페이스,DMB,재난위험,충청남도
473,2020-02-28 11:44,DMB인터페이스,DMB,재난위험,울산광역시
474,2020-02-28 11:44,DMB인터페이스,DMB,재난위험,김천시
475,2020-02-28 11:42,DMB인터페이스,DMB,재난위험,진도군
476,2020-02-28 11:42,DMB인터페이스,DMB,재난위험,장흥군
477,2020-02-28 11:42,DMB인터페이스,DMB,재난위험,영천시
478,2020-02-28 11:41,DMB인터페이스,DMB,재난위험,충청남도
479,2020-02-28 11:38,DMB인터페이스,DMB,재난위험,양산시
480,2020-02-28 11:38,DMB인터페이스,DMB,재난위험,원주시
481,2020-02-28 11:34,DMB인터페이스,DMB,재난위험,김천시
482,2020-02-28 11:30,DMB인터페이스,DMB,재난위험,무주군
483,2020-02-28 11:30,DMB인터페이스,DMB,재난위험,하동군
484,2020-02-28 11:28,DMB인터페이스,DMB,재난위험,원주시
485,2020-02-28 11:28,DMB인터페이스,DMB,재난위험,안동시
486,2020-02-28 11:27,DMB인터페이스,DMB,재난위험,순창군
487,2020-02-28 11:26,DMB인터페이스,DMB,재난위험,무안군
488,2020-02-28 11:25,DMB인터페이스,DMB,재난위험,봉화군
489,2020-02-28 11:24,DMB인터페이스,DMB,재난위험,서구
490,2020-02-28 11:20,DMB인터페이스,DMB,재난위험,연천군
491,2020-02-28 11:15,DMB인터페이스,DMB,재난위험,평택시
492,2020-02-28 11:11,DMB인터페이스,DMB,재난위험,북구
493,2020-02-28 11:05,DMB인터페이스,DMB,재난위험,남해군
494,2020-02-28 11:05,DMB인터페이스,DMB,재난위험,평택시
495,2020-02-28 11:04,DMB인터페이스,DMB,재난위험,평택시
496,2020-02-28 11:01,DMB인터페이스,DMB,재난위험,세종특별자치시
497,2020-02-28 10:59,DMB인터페이스,DMB,재난위험,청양군
498,2020-02-28 10:57,DMB인터페이스,DMB,재난위험,양산시
499,2020-02-28 10:56,DMB인터페이스,DMB,재난위험,양산시
500,2020-02-28 10:39,DMB인터페이스,DMB,재난위험,여수시
501,2020-02-28 10:37,DMB인터페이스,DMB,재난위험,함평군
502,2020-02-28 10:32,DMB인터페이스,DMB,재난위험,성남시
503,2020-02-28 10:31,DMB인터페이스,DMB,재난위험,옥천군
504,2020-02-28 10:30,DMB인터페이스,DMB,재난위험,목포시
505,2020-02-28 10:04,DMB인터페이스,DMB,재난위험,울진군
506,2020-02-28 10:00,DMB인터페이스,DMB,재난위험,경상북도
507,2020-02-28 9:50,DMB인터페이스,DMB,재난위험,안동시
508,2020-02-28 9:49,DMB인터페이스,DMB,재난위험,안동시
509,2020-02-28 9:47,DMB인터페이스,DMB,재난위험,해운대구
510,2020-02-28 9:41,DMB인터페이스,DMB,재난위험,영주시
511,2020-02-28 9:35,DMB인터페이스,DMB,재난위험,안동시
512,2020-02-28 9:31,DMB인터페이스,DMB,재난위험,청도군
513,2020-02-28 9:30,DMB인터페이스,DMB,재난위험,영주시
514,2020-02-28 9:16,DMB인터페이스,DMB,재난위험,충청남도
515,2020-02-28 9:15,DMB인터페이스,DMB,재난위험,영주시
516,2020-02-28 9:06,DMB인터페이스,DMB,재난위험,영주시
517,2020-02-28 9:03,DMB인터페이스,DMB,재난위험,영주시
518,2020-02-28 9:02,DMB인터페이스,DMB,재난위험,밀양시
519,2020-02-28 9:00,DMB인터페이스,DMB,재난위험,영동군
520,2020-02-28 8:49,DMB인터페이스,DMB,재난위험,당진군
521,2020-02-28 8:40,DMB인터페이스,DMB,재난위험,서울특별시
522,2020-02-28 8:39,DMB인터페이스,DMB,재난위험,원주시
523,2020-02-27 23:19,DMB인터페이스,DMB,재난위험,화성시
524,2020-02-27 21:09,DMB인터페이스,DMB,재난위험,칠곡군
525,2020-02-27 20:43,DMB인터페이스,DMB,재난위험,군산시
526,2020-02-27 20:36,DMB인터페이스,DMB,재난위험,영광군
527,2020-02-27 20:29,DMB인터페이스,DMB,재난위험,강화군
528,2020-02-27 20:17,DMB인터페이스,DMB,재난위험,화성시
529,2020-02-27 20:15,DMB인터페이스,DMB,재난위험,울산광역시
530,2020-02-27 19:58,DMB인터페이스,DMB,재난위험,영양군
531,2020-02-27 19:43,DMB인터페이스,DMB,재난위험,예천군
532,2020-02-27 19:37,DMB인터페이스,DMB,재난위험,광주광역시
533,2020-02-27 19:37,DMB인터페이스,DMB,재난위험,전라북도
534,2020-02-27 19:36,DMB인터페이스,DMB,재난위험,전라북도
535,2020-02-27 19:36,DMB인터페이스,DMB,재난위험,충주시
536,2020-02-27 19:34,DMB인터페이스,DMB,재난위험,이천시
537,2020-02-27 19:21,DMB인터페이스,DMB,재난위험,공주시
538,2020-02-27 19:15,DMB인터페이스,DMB,재난위험,예산군
539,2020-02-27 19:11,DMB인터페이스,DMB,재난위험,성남시
540,2020-02-27 19:08,DMB인터페이스,DMB,재난위험,예천군
541,2020-02-27 19:08,DMB인터페이스,DMB,재난위험,공주시
542,2020-02-27 19:07,DMB인터페이스,DMB,재난위험,공주시
543,2020-02-27 19:06,DMB인터페이스,DMB,재난위험,공주시
544,2020-02-27 19:05,DMB인터페이스,DMB,재난위험,공주시
545,2020-02-27 18:47,DMB인터페이스,DMB,재난위험,광양시
546,2020-02-27 18:43,DMB인터페이스,DMB,재난위험,함평군
547,2020-02-27 18:42,DMB인터페이스,DMB,재난위험,영양군
548,2020-02-27 18:40,DMB인터페이스,DMB,재난위험,울산광역시
549,2020-02-27 18:38,DMB인터페이스,DMB,재난위험,화성시
550,2020-02-27 18:38,DMB인터페이스,DMB,재난위험,울산광역시
551,2020-02-27 18:37,DMB인터페이스,DMB,재난위험,영동군
552,2020-02-27 18:37,DMB인터페이스,DMB,재난위험,충주시
553,2020-02-27 18:15,DMB인터페이스,DMB,재난위험,서천군
554,2020-02-27 18:13,DMB인터페이스,DMB,재난위험,고양시
555,2020-02-27 18:10,DMB인터페이스,DMB,재난위험,논산시
556,2020-02-27 18:07,DMB인터페이스,DMB,재난위험,영덕군
557,2020-02-27 18:07,DMB인터페이스,DMB,재난위험,해남군
558,2020-02-27 18:05,DMB인터페이스,DMB,재난위험,울진군
559,2020-02-27 18:03,DMB인터페이스,DMB,재난위험,창녕군
560,2020-02-27 18:03,DMB인터페이스,DMB,재난위험,봉화군
561,2020-02-27 18:00,DMB인터페이스,DMB,재난위험,목포시
562,2020-02-27 17:59,DMB인터페이스,DMB,재난위험,경산시
563,2020-02-27 17:53,DMB인터페이스,DMB,재난위험,과천시
564,2020-02-27 17:52,DMB인터페이스,DMB,재난위험,수원시
565,2020-02-27 17:44,DMB인터페이스,DMB,재난위험,안동시
566,2020-02-27 17:43,DMB인터페이스,DMB,재난위험,용인시
567,2020-02-27 17:40,DMB인터페이스,DMB,재난위험,칠곡군
568,2020-02-27 17:38,DMB인터페이스,DMB,재난위험,칠곡군
569,2020-02-27 17:35,DMB인터페이스,DMB,재난위험,동두천시
570,2020-02-27 17:35,DMB인터페이스,DMB,재난위험,칠곡군
571,2020-02-27 17:32,DMB인터페이스,DMB,재난위험,충청남도
572,2020-02-27 17:24,DMB인터페이스,DMB,재난위험,의성군
573,2020-02-27 17:23,DMB인터페이스,DMB,재난위험,의성군
574,2020-02-27 17:22,DMB인터페이스,DMB,재난위험,의성군
575,2020-02-27 17:21,DMB인터페이스,DMB,재난위험,의성군
576,2020-02-27 17:15,DMB인터페이스,DMB,재난위험,밀양시
577,2020-02-27 17:13,DMB인터페이스,DMB,재난위험,완주군
578,2020-02-27 16:59,DMB인터페이스,DMB,재난위험,달성군
579,2020-02-27 16:49,DMB인터페이스,DMB,재난위험,의정부시
580,2020-02-27 16:49,DMB인터페이스,DMB,재난위험,순천시
581,2020-02-27 16:45,DMB인터페이스,DMB,재난위험,과천시
582,2020-02-27 16:39,DMB인터페이스,DMB,재난위험,군산시
583,2020-02-27 16:38,DMB인터페이스,DMB,재난위험,군산시
584,2020-02-27 16:35,DMB인터페이스,DMB,재난위험,김천시
585,2020-02-27 16:30,DMB인터페이스,DMB,재난위험,아산시
586,2020-02-27 16:30,DMB인터페이스,DMB,재난위험,아산시
587,2020-02-27 16:29,DMB인터페이스,DMB,재난위험,성주군
588,2020-02-27 16:29,DMB인터페이스,DMB,재난위험,양산시
589,2020-02-27 16:22,DMB인터페이스,DMB,재난위험,밀양시
590,2020-02-27 16:14,DMB인터페이스,DMB,재난위험,연천군
591,2020-02-27 16:13,DMB인터페이스,DMB,재난위험,영천시
592,2020-02-27 16:13,DMB인터페이스,DMB,재난위험,양산시
593,2020-02-27 16:12,DMB인터페이스,DMB,재난위험,양산시
594,2020-02-27 16:12,DMB인터페이스,DMB,재난위험,계룡시
595,2020-02-27 16:12,DMB인터페이스,DMB,재난위험,양산시
596,2020-02-27 16:12,DMB인터페이스,DMB,재난위험,양산시
597,2020-02-27 16:10,DMB인터페이스,DMB,재난위험,울산광역시
598,2020-02-27 16:06,DMB인터페이스,DMB,재난위험,청주시
599,2020-02-27 16:04,DMB인터페이스,DMB,재난위험,영천시
600,2020-02-27 16:02,DMB인터페이스,DMB,재난위험,영천시
601,2020-02-27 16:00,DMB인터페이스,DMB,재난위험,영천시
602,2020-02-27 15:59,DMB인터페이스,DMB,재난위험,영천시
603,2020-02-27 15:59,DMB인터페이스,DMB,재난위험,나주시
604,2020-02-27 15:56,DMB인터페이스,DMB,재난위험,보은군
605,2020-02-27 15:51,DMB인터페이스,DMB,재난위험,장성군
606,2020-02-27 15:50,DMB인터페이스,DMB,재난위험,영동군
607,2020-02-27 15:42,DMB인터페이스,DMB,재난위험,포항시
608,2020-02-27 15:42,DMB인터페이스,DMB,재난위험,군포시
609,2020-02-27 15:38,DMB인터페이스,DMB,재난위험,광주시
610,2020-02-27 15:34,DMB인터페이스,DMB,재난위험,김천시
611,2020-02-27 15:34,DMB인터페이스,DMB,재난위험,서구
612,2020-02-27 15:33,DMB인터페이스,DMB,재난위험,김천시
613,2020-02-27 15:33,DMB인터페이스,DMB,재난위험,의정부시
614,2020-02-27 15:33,DMB인터페이스,DMB,재난위험,김천시
615,2020-02-27 15:33,DMB인터페이스,DMB,재난위험,김천시
616,2020-02-27 15:32,DMB인터페이스,DMB,재난위험,김천시
617,2020-02-27 15:32,DMB인터페이스,DMB,재난위험,김천시
618,2020-02-27 15:30,DMB인터페이스,DMB,재난위험,창원시
619,2020-02-27 15:14,DMB인터페이스,DMB,재난위험,진안군
620,2020-02-27 15:10,DMB인터페이스,DMB,재난위험,용인시
621,2020-02-27 15:10,DMB인터페이스,DMB,재난위험,군위군
622,2020-02-27 15:08,DMB인터페이스,DMB,재난위험,안동시
623,2020-02-27 14:54,DMB인터페이스,DMB,재난위험,전라북도
624,2020-02-27 14:48,DMB인터페이스,DMB,재난위험,김천시
625,2020-02-27 14:32,DMB인터페이스,DMB,재난위험,속초시
626,2020-02-27 14:29,DMB인터페이스,DMB,재난위험,속초시
627,2020-02-27 14:27,DMB인터페이스,DMB,재난위험,부안군
628,2020-02-27 14:17,DMB인터페이스,DMB,재난위험,용인시
629,2020-02-27 14:11,DMB인터페이스,DMB,재난위험,칠곡군
630,2020-02-27 14:03,DMB인터페이스,DMB,재난위험,목포시
631,2020-02-27 14:03,DMB인터페이스,DMB,재난위험,대구광역시
632,2020-02-27 13:51,DMB인터페이스,DMB,재난위험,정읍시
633,2020-02-27 13:42,DMB인터페이스,DMB,재난위험,영동군
634,2020-02-27 13:39,DMB인터페이스,DMB,재난위험,봉화군
635,2020-02-27 13:39,DMB인터페이스,DMB,재난위험,무주군
636,2020-02-27 13:26,DMB인터페이스,DMB,재난위험,해운대구
637,2020-02-27 13:25,DMB인터페이스,DMB,재난위험,해운대구
638,2020-02-27 13:25,DMB인터페이스,DMB,재난위험,해운대구
639,2020-02-27 13:21,DMB인터페이스,DMB,재난위험,용인시
640,2020-02-27 13:20,DMB인터페이스,DMB,재난위험,청양군
641,2020-02-27 13:19,DMB인터페이스,DMB,재난위험,임실군
642,2020-02-27 13:18,DMB인터페이스,DMB,재난위험,거창군
643,2020-02-27 13:14,DMB인터페이스,DMB,재난위험,보성군
644,2020-02-27 13:07,DMB인터페이스,DMB,재난위험,상주시
645,2020-02-27 13:06,DMB인터페이스,DMB,재난위험,상주시
646,2020-02-27 13:06,DMB인터페이스,DMB,재난위험,상주시
647,2020-02-27 13:06,DMB인터페이스,DMB,재난위험,상주시
648,2020-02-27 13:06,DMB인터페이스,DMB,재난위험,상주시
649,2020-02-27 12:59,DMB인터페이스,DMB,재난위험,공주시
650,2020-02-27 12:58,DMB인터페이스,DMB,재난위험,군산시
651,2020-02-27 12:56,DMB인터페이스,DMB,재난위험,봉화군
652,2020-02-27 12:19,DMB인터페이스,DMB,재난위험,서구
653,2020-02-27 12:13,DMB인터페이스,DMB,재난위험,군산시
654,2020-02-27 12:00,DMB인터페이스,DMB,재난위험,군산시
655,2020-02-27 12:00,DMB인터페이스,DMB,재난위험,군산시
656,2020-02-27 11:58,DMB인터페이스,DMB,재난위험,김천시
657,2020-02-27 11:57,DMB인터페이스,DMB,재난위험,서천군
658,2020-02-27 11:49,DMB인터페이스,DMB,재난위험,평택시
659,2020-02-27 11:46,DMB인터페이스,DMB,재난위험,예천군
660,2020-02-27 11:46,DMB인터페이스,DMB,재난위험,장수군
661,2020-02-27 11:45,DMB인터페이스,DMB,재난위험,예천군
662,2020-02-27 11:35,DMB인터페이스,DMB,재난위험,보은군
663,2020-02-27 11:24,DMB인터페이스,DMB,재난위험,순창군
664,2020-02-27 11:17,DMB인터페이스,DMB,재난위험,강서구
665,2020-02-27 11:16,DMB인터페이스,DMB,재난위험,산청군
666,2020-02-27 11:16,DMB인터페이스,DMB,재난위험,공주시
667,2020-02-27 11:12,DMB인터페이스,DMB,재난위험,김천시
668,2020-02-27 11:10,DMB인터페이스,DMB,재난위험,수원시
669,2020-02-27 11:08,DMB인터페이스,DMB,재난위험,아산시
670,2020-02-27 11:07,DMB인터페이스,DMB,재난위험,충주시
671,2020-02-27 11:07,DMB인터페이스,DMB,재난위험,밀양시
672,2020-02-27 11:06,DMB인터페이스,DMB,재난위험,밀양시
673,2020-02-27 11:06,DMB인터페이스,DMB,재난위험,영동군
674,2020-02-27 11:05,DMB인터페이스,DMB,재난위험,밀양시
675,2020-02-27 11:04,DMB인터페이스,DMB,재난위험,세종특별자치시
676,2020-02-27 11:03,DMB인터페이스,DMB,재난위험,용인시
677,2020-02-27 11:03,DMB인터페이스,DMB,재난위험,창녕군
678,2020-02-27 11:01,DMB인터페이스,DMB,재난위험,화천군
679,2020-02-27 10:56,DMB인터페이스,DMB,재난위험,창녕군
680,2020-02-27 10:52,DMB인터페이스,DMB,재난위험,영양군
681,2020-02-27 10:48,DMB인터페이스,DMB,재난위험,구미시
682,2020-02-27 10:46,DMB인터페이스,DMB,재난위험,시흥시
683,2020-02-27 10:46,DMB인터페이스,DMB,재난위험,연제구
684,2020-02-27 10:44,DMB인터페이스,DMB,재난위험,연제구
685,2020-02-27 10:43,DMB인터페이스,DMB,재난위험,연제구
686,2020-02-27 10:41,DMB인터페이스,DMB,재난위험,연제구
687,2020-02-27 10:35,DMB인터페이스,DMB,재난위험,영덕군
688,2020-02-27 10:35,DMB인터페이스,DMB,재난위험,성주군
689,2020-02-27 10:29,DMB인터페이스,DMB,재난위험,철원군
690,2020-02-27 10:29,DMB인터페이스,DMB,재난위험,달성군
691,2020-02-27 10:26,DMB인터페이스,DMB,재난위험,부여군
692,2020-02-27 10:17,DMB인터페이스,DMB,재난위험,삼척시
693,2020-02-27 10:16,DMB인터페이스,DMB,재난위험,거제시
694,2020-02-27 10:12,DMB인터페이스,DMB,재난위험,포항시
695,2020-02-27 10:05,DMB인터페이스,DMB,재난위험,울진군
696,2020-02-27 10:02,DMB인터페이스,DMB,재난위험,광주광역시
697,2020-02-27 10:01,DMB인터페이스,DMB,재난위험,양산시
698,2020-02-27 10:00,DMB인터페이스,DMB,재난위험,경상북도
699,2020-02-27 10:00,DMB인터페이스,DMB,재난위험,울산광역시
700,2020-02-27 9:58,DMB인터페이스,DMB,재난위험,영양군
701,2020-02-27 9:57,DMB인터페이스,DMB,재난위험,전라남도
702,2020-02-27 9:53,DMB인터페이스,DMB,재난위험,하동군
703,2020-02-27 9:52,DMB인터페이스,DMB,재난위험,과천시
704,2020-02-27 9:50,DMB인터페이스,DMB,재난위험,군위군
705,2020-02-27 9:34,DMB인터페이스,DMB,재난위험,밀양시
706,2020-02-27 9:29,DMB인터페이스,DMB,재난위험,단양군
707,2020-02-27 9:28,DMB인터페이스,DMB,재난위험,단양군
708,2020-02-27 9:08,DMB인터페이스,DMB,재난위험,영동군
709,2020-02-27 9:07,DMB인터페이스,DMB,재난위험,밀양시
710,2020-02-27 8:57,DMB인터페이스,DMB,재난위험,군산시
711,2020-02-27 8:56,DMB인터페이스,DMB,재난위험,청도군
712,2020-02-27 8:53,DMB인터페이스,DMB,재난위험,옥천군
713,2020-02-27 8:48,DMB인터페이스,DMB,재난위험,사상구
714,2020-02-27 8:47,DMB인터페이스,DMB,재난위험,"공주시,보령시,아산시,서산시,논산시,계룡시,금산군,부여군,서천군,청양군,예산군,태안군,당진군,홍성군"
715,2020-02-27 8:30,DMB인터페이스,DMB,재난위험,서울특별시
716,2020-02-27 8:23,DMB인터페이스,DMB,재난위험,파주시
717,2020-02-27 8:21,DMB인터페이스,DMB,재난위험,제천시
718,2020-02-27 8:05,DMB인터페이스,DMB,재난위험,사상구
719,2020-02-27 8:03,DMB인터페이스,DMB,재난위험,사상구
720,2020-02-27 7:53,DMB인터페이스,DMB,재난위험,사상구
721,2020-02-27 7:53,DMB인터페이스,DMB,재난위험,사상구
722,2020-02-27 7:53,DMB인터페이스,DMB,재난위험,사상구
723,2020-02-27 7:53,DMB인터페이스,DMB,재난위험,사상구
724,2020-02-27 7:53,DMB인터페이스,DMB,재난위험,사상구
725,2020-02-27 7:52,DMB인터페이스,DMB,재난위험,사상구
726,2020-02-27 7:52,DMB인터페이스,DMB,재난위험,사상구
727,2020-02-27 7:52,DMB인터페이스,DMB,재난위험,사상구
728,2020-02-27 7:52,DMB인터페이스,DMB,재난위험,사상구
729,2020-02-27 7:52,DMB인터페이스,DMB,재난위험,사상구
730,2020-02-27 7:36,DMB인터페이스,DMB,재난위험,용인시
731,2020-02-27 7:35,DMB인터페이스,DMB,재난위험,수원시
732,2020-02-27 2:36,DMB인터페이스,DMB,재난위험,영양군
733,2020-02-27 0:58,DMB인터페이스,DMB,재난위험,과천시
734,2020-02-27 0:58,DMB인터페이스,DMB,재난위험,과천시
735,2020-02-27 0:56,DMB인터페이스,DMB,재난위험,과천시
736,2020-02-27 0:09,DMB인터페이스,DMB,재난위험,과천시
737,2020-02-27 0:06,DMB인터페이스,DMB,재난위험,과천시
738,2020-02-26 22:54,DMB인터페이스,DMB,재난위험,서천군
739,2020-02-26 22:47,DMB인터페이스,DMB,재난위험,화성시
740,2020-02-26 22:36,DMB인터페이스,DMB,재난위험,화성시
741,2020-02-26 22:35,DMB인터페이스,DMB,재난위험,과천시
742,2020-02-26 22:35,DMB인터페이스,DMB,재난위험,과천시
743,2020-02-26 22:25,DMB인터페이스,DMB,재난위험,서천군
744,2020-02-26 21:24,DMB인터페이스,DMB,재난위험,김천시
745,2020-02-26 20:58,DMB인터페이스,DMB,재난위험,구미시
746,2020-02-26 20:49,DMB인터페이스,DMB,재난위험,김천시
747,2020-02-26 20:49,DMB인터페이스,DMB,재난위험,김천시
748,2020-02-26 20:49,DMB인터페이스,DMB,재난위험,김천시
749,2020-02-26 20:24,DMB인터페이스,DMB,재난위험,서구
750,2020-02-26 20:24,DMB인터페이스,DMB,재난위험,서구
751,2020-02-26 20:24,DMB인터페이스,DMB,재난위험,서구
752,2020-02-26 20:24,DMB인터페이스,DMB,재난위험,청송군
753,2020-02-26 20:22,DMB인터페이스,DMB,재난위험,청송군
754,2020-02-26 20:21,DMB인터페이스,DMB,재난위험,청송군
755,2020-02-26 20:20,DMB인터페이스,DMB,재난위험,청송군
756,2020-02-26 20:17,DMB인터페이스,DMB,재난위험,창원시
757,2020-02-26 20:16,DMB인터페이스,DMB,재난위험,고령군
758,2020-02-26 20:16,DMB인터페이스,DMB,재난위험,구미시
759,2020-02-26 19:43,DMB인터페이스,DMB,재난위험,청송군
760,2020-02-26 19:42,DMB인터페이스,DMB,재난위험,남양주시
761,2020-02-26 19:19,DMB인터페이스,DMB,재난위험,서천군
762,2020-02-26 19:18,DMB인터페이스,DMB,재난위험,구미시
763,2020-02-26 19:12,DMB인터페이스,DMB,재난위험,영동군
764,2020-02-26 19:10,DMB인터페이스,DMB,재난위험,울산광역시
765,2020-02-26 19:03,DMB인터페이스,DMB,재난위험,진주시
766,2020-02-26 19:02,DMB인터페이스,DMB,재난위험,진주시
767,2020-02-26 19:00,DMB인터페이스,DMB,재난위험,상주시
768,2020-02-26 18:46,DMB인터페이스,DMB,재난위험,울산광역시
769,2020-02-26 18:46,DMB인터페이스,DMB,재난위험,김천시
770,2020-02-26 18:44,DMB인터페이스,DMB,재난위험,울산광역시
771,2020-02-26 18:43,DMB인터페이스,DMB,재난위험,김천시
772,2020-02-26 18:42,DMB인터페이스,DMB,재난위험,울산광역시
773,2020-02-26 18:38,DMB인터페이스,DMB,재난위험,성주군
774,2020-02-26 18:38,DMB인터페이스,DMB,재난위험,북구
775,2020-02-26 18:37,DMB인터페이스,DMB,재난위험,사하구
776,2020-02-26 18:36,DMB인터페이스,DMB,재난위험,사하구
777,2020-02-26 18:35,DMB인터페이스,DMB,재난위험,창녕군
778,2020-02-26 18:35,DMB인터페이스,DMB,재난위험,사하구
779,2020-02-26 18:35,DMB인터페이스,DMB,재난위험,오산시
780,2020-02-26 18:34,DMB인터페이스,DMB,재난위험,사하구
781,2020-02-26 18:33,DMB인터페이스,DMB,재난위험,사하구
782,2020-02-26 18:31,DMB인터페이스,DMB,재난위험,사하구
783,2020-02-26 18:30,DMB인터페이스,DMB,재난위험,사하구
784,2020-02-26 18:28,DMB인터페이스,DMB,재난위험,사하구
785,2020-02-26 18:21,DMB인터페이스,DMB,재난위험,영덕군
786,2020-02-26 18:20,DMB인터페이스,DMB,재난위험,과천시
787,2020-02-26 18:09,DMB인터페이스,DMB,재난위험,광양시
788,2020-02-26 18:08,DMB인터페이스,DMB,재난위험,과천시
789,2020-02-26 18:07,DMB인터페이스,DMB,재난위험,원주시
790,2020-02-26 18:06,DMB인터페이스,DMB,재난위험,부여군
791,2020-02-26 18:05,DMB인터페이스,DMB,재난위험,울진군
792,2020-02-26 18:00,DMB인터페이스,DMB,재난위험,목포시
793,2020-02-26 17:47,DMB인터페이스,DMB,재난위험,아산시
794,2020-02-26 17:45,DMB인터페이스,DMB,재난위험,장흥군
795,2020-02-26 17:38,DMB인터페이스,DMB,재난위험,양주시
796,2020-02-26 17:31,DMB인터페이스,DMB,재난위험,서천군
797,2020-02-26 17:30,DMB인터페이스,DMB,재난위험,영천시
798,2020-02-26 17:30,DMB인터페이스,DMB,재난위험,"천안시,공주시,보령시,서산시,논산시,계룡시,금산군,부여군,서천군,청양군,예산군,태안군,당진군,홍성군"
799,2020-02-26 17:26,DMB인터페이스,DMB,재난위험,익산시
800,2020-02-26 17:19,DMB인터페이스,DMB,재난위험,광주광역시
801,2020-02-26 17:15,DMB인터페이스,DMB,재난위험,양주시
802,2020-02-26 17:10,DMB인터페이스,DMB,재난위험,포천시
803,2020-02-26 17:09,DMB인터페이스,DMB,재난위험,구미시
804,2020-02-26 17:07,DMB인터페이스,DMB,재난위험,양산시
805,2020-02-26 17:06,DMB인터페이스,DMB,재난위험,양산시
806,2020-02-26 17:05,DMB인터페이스,DMB,재난위험,상주시
807,2020-02-26 17:05,DMB인터페이스,DMB,재난위험,칠곡군
808,2020-02-26 17:05,DMB인터페이스,DMB,재난위험,상주시
809,2020-02-26 17:05,DMB인터페이스,DMB,재난위험,상주시
810,2020-02-26 17:05,DMB인터페이스,DMB,재난위험,양산시
811,2020-02-26 17:05,DMB인터페이스,DMB,재난위험,상주시
812,2020-02-26 17:05,DMB인터페이스,DMB,재난위험,상주시
813,2020-02-26 17:04,DMB인터페이스,DMB,재난위험,상주시
814,2020-02-26 17:04,DMB인터페이스,DMB,재난위험,상주시
815,2020-02-26 17:04,DMB인터페이스,DMB,재난위험,상주시
816,2020-02-26 17:04,DMB인터페이스,DMB,재난위험,상주시
817,2020-02-26 17:02,DMB인터페이스,DMB,재난위험,달성군
818,2020-02-26 16:57,DMB인터페이스,DMB,재난위험,의성군
819,2020-02-26 16:57,DMB인터페이스,DMB,재난위험,의성군
820,2020-02-26 16:57,DMB인터페이스,DMB,재난위험,의성군
821,2020-02-26 16:56,DMB인터페이스,DMB,재난위험,의성군
822,2020-02-26 16:56,DMB인터페이스,DMB,재난위험,의성군
823,2020-02-26 16:56,DMB인터페이스,DMB,재난위험,의성군
824,2020-02-26 16:56,DMB인터페이스,DMB,재난위험,의성군
825,2020-02-26 16:50,DMB인터페이스,DMB,재난위험,서천군
826,2020-02-26 16:47,DMB인터페이스,DMB,재난위험,금정구
827,2020-02-26 16:43,DMB인터페이스,DMB,재난위험,강화군
828,2020-02-26 16:29,DMB인터페이스,DMB,재난위험,강남구
829,2020-02-26 16:08,DMB인터페이스,DMB,재난위험,경산시
830,2020-02-26 16:06,DMB인터페이스,DMB,재난위험,경산시
831,2020-02-26 15:57,DMB인터페이스,DMB,재난위험,청도군
832,2020-02-26 15:52,DMB인터페이스,DMB,재난위험,대전광역시
833,2020-02-26 15:45,DMB인터페이스,DMB,재난위험,영동군
834,2020-02-26 15:30,DMB인터페이스,DMB,재난위험,칠곡군
835,2020-02-26 15:14,DMB인터페이스,DMB,재난위험,군산시
836,2020-02-26 15:12,DMB인터페이스,DMB,재난위험,해운대구
837,2020-02-26 15:00,DMB인터페이스,DMB,재난위험,제주특별자치도
838,2020-02-26 14:57,DMB인터페이스,DMB,재난위험,서구
839,2020-02-26 14:53,DMB인터페이스,DMB,재난위험,서구
840,2020-02-26 14:45,DMB인터페이스,DMB,재난위험,"공주시,보령시,아산시,서산시,논산시,계룡시,금산군,부여군,서천군,청양군,예산군,태안군,당진군,홍성군"
841,2020-02-26 14:38,DMB인터페이스,DMB,재난위험,칠곡군
842,2020-02-26 14:36,DMB인터페이스,DMB,재난위험,속초시
843,2020-02-26 14:33,DMB인터페이스,DMB,재난위험,산청군
844,2020-02-26 14:29,DMB인터페이스,DMB,재난위험,해운대구
845,2020-02-26 14:28,DMB인터페이스,DMB,재난위험,단양군
846,2020-02-26 14:28,DMB인터페이스,DMB,재난위험,해운대구
847,2020-02-26 14:27,DMB인터페이스,DMB,재난위험,창녕군
848,2020-02-26 14:26,DMB인터페이스,DMB,재난위험,해운대구
849,2020-02-26 14:26,DMB인터페이스,DMB,재난위험,해운대구
850,2020-02-26 14:24,DMB인터페이스,DMB,재난위험,해운대구
851,2020-02-26 14:24,DMB인터페이스,DMB,재난위험,해운대구
852,2020-02-26 14:24,DMB인터페이스,DMB,재난위험,남양주시
853,2020-02-26 14:23,DMB인터페이스,DMB,재난위험,해운대구
854,2020-02-26 14:22,DMB인터페이스,DMB,재난위험,북구
855,2020-02-26 14:22,DMB인터페이스,DMB,재난위험,창원시
856,2020-02-26 14:12,DMB인터페이스,DMB,재난위험,목포시
857,2020-02-26 14:06,DMB인터페이스,DMB,재난위험,남해군
858,2020-02-26 14:04,DMB인터페이스,DMB,재난위험,부여군
859,2020-02-26 14:02,DMB인터페이스,DMB,재난위험,군포시
860,2020-02-26 14:01,DMB인터페이스,DMB,재난위험,창녕군
861,2020-02-26 13:51,DMB인터페이스,DMB,재난위험,제천시
862,2020-02-26 13:49,DMB인터페이스,DMB,재난위험,여수시
863,2020-02-26 13:42,DMB인터페이스,DMB,재난위험,김천시
864,2020-02-26 13:27,DMB인터페이스,DMB,재난위험,대구광역시
865,2020-02-26 13:17,DMB인터페이스,DMB,재난위험,문경시
866,2020-02-26 13:17,DMB인터페이스,DMB,재난위험,옥천군
867,2020-02-26 13:06,DMB인터페이스,DMB,재난위험,평택시
868,2020-02-26 12:59,DMB인터페이스,DMB,재난위험,사하구
869,2020-02-26 12:58,DMB인터페이스,DMB,재난위험,사하구
870,2020-02-26 12:54,DMB인터페이스,DMB,재난위험,증평군
871,2020-02-26 12:52,DMB인터페이스,DMB,재난위험,울진군
872,2020-02-26 12:45,DMB인터페이스,DMB,재난위험,거창군
873,2020-02-26 12:40,DMB인터페이스,DMB,재난위험,충주시
874,2020-02-26 12:30,DMB인터페이스,DMB,재난위험,청도군
875,2020-02-26 12:29,DMB인터페이스,DMB,재난위험,충주시
876,2020-02-26 12:00,DMB인터페이스,DMB,재난위험,경산시
877,2020-02-26 11:58,DMB인터페이스,DMB,재난위험,순천시
878,2020-02-26 11:53,DMB인터페이스,DMB,재난위험,임실군
879,2020-02-26 11:53,DMB인터페이스,DMB,재난위험,사하구
880,2020-02-26 11:52,DMB인터페이스,DMB,재난위험,영양군
881,2020-02-26 11:50,DMB인터페이스,DMB,재난위험,사하구
882,2020-02-26 11:48,DMB인터페이스,DMB,재난위험,고성군
883,2020-02-26 11:47,DMB인터페이스,DMB,재난위험,사하구
884,2020-02-26 11:46,DMB인터페이스,DMB,재난위험,영동군
885,2020-02-26 11:45,DMB인터페이스,DMB,재난위험,사하구
886,2020-02-26 11:41,DMB인터페이스,DMB,재난위험,사하구
887,2020-02-26 11:39,DMB인터페이스,DMB,재난위험,고성군
888,2020-02-26 11:39,DMB인터페이스,DMB,재난위험,사하구
889,2020-02-26 11:39,DMB인터페이스,DMB,재난위험,여수시
890,2020-02-26 11:37,DMB인터페이스,DMB,재난위험,사하구
891,2020-02-26 11:37,DMB인터페이스,DMB,재난위험,무안군
892,2020-02-26 11:36,DMB인터페이스,DMB,재난위험,예천군
893,2020-02-26 11:34,DMB인터페이스,DMB,재난위험,사하구
894,2020-02-26 11:33,DMB인터페이스,DMB,재난위험,장수군
895,2020-02-26 11:29,DMB인터페이스,DMB,재난위험,김천시
896,2020-02-26 11:27,DMB인터페이스,DMB,재난위험,봉화군
897,2020-02-26 11:17,DMB인터페이스,DMB,재난위험,상주시
898,2020-02-26 11:07,DMB인터페이스,DMB,재난위험,칠곡군
899,2020-02-26 11:05,DMB인터페이스,DMB,재난위험,남양주시
900,2020-02-26 11:05,DMB인터페이스,DMB,재난위험,구례군
901,2020-02-26 11:03,DMB인터페이스,DMB,재난위험,충청남도
902,2020-02-26 11:01,DMB인터페이스,DMB,재난위험,증평군
903,2020-02-26 10:59,DMB인터페이스,DMB,재난위험,충주시
904,2020-02-26 10:56,DMB인터페이스,DMB,재난위험,구미시
905,2020-02-26 10:56,DMB인터페이스,DMB,재난위험,수원시
906,2020-02-26 10:50,DMB인터페이스,DMB,재난위험,함평군
907,2020-02-26 10:48,DMB인터페이스,DMB,재난위험,남양주시
908,2020-02-26 10:47,DMB인터페이스,DMB,재난위험,울산광역시
909,2020-02-26 10:47,DMB인터페이스,DMB,재난위험,증평군
910,2020-02-26 10:42,DMB인터페이스,DMB,재난위험,영덕군
911,2020-02-26 10:38,DMB인터페이스,DMB,재난위험,영동군
912,2020-02-26 10:36,DMB인터페이스,DMB,재난위험,안동시
913,2020-02-26 10:34,DMB인터페이스,DMB,재난위험,안동시
914,2020-02-26 10:33,DMB인터페이스,DMB,재난위험,안동시
915,2020-02-26 10:33,DMB인터페이스,DMB,재난위험,안동시
916,2020-02-26 10:33,DMB인터페이스,DMB,재난위험,안동시
917,2020-02-26 10:33,DMB인터페이스,DMB,재난위험,안동시
918,2020-02-26 10:32,DMB인터페이스,DMB,재난위험,안동시
919,2020-02-26 10:32,DMB인터페이스,DMB,재난위험,안동시
920,2020-02-26 10:32,DMB인터페이스,DMB,재난위험,안동시
921,2020-02-26 10:31,DMB인터페이스,DMB,재난위험,상주시
922,2020-02-26 10:30,DMB인터페이스,DMB,재난위험,상주시
923,2020-02-26 10:29,DMB인터페이스,DMB,재난위험,곡성군
924,2020-02-26 10:23,DMB인터페이스,DMB,재난위험,사상구
925,2020-02-26 10:22,DMB인터페이스,DMB,재난위험,용인시
926,2020-02-26 10:19,DMB인터페이스,DMB,재난위험,세종특별자치시
927,2020-02-26 10:16,DMB인터페이스,DMB,재난위험,순창군
928,2020-02-26 10:15,DMB인터페이스,DMB,재난위험,포항시
929,2020-02-26 10:08,DMB인터페이스,DMB,재난위험,영천시
930,2020-02-26 10:06,DMB인터페이스,DMB,재난위험,울진군
931,2020-02-26 10:06,DMB인터페이스,DMB,재난위험,여수시
932,2020-02-26 10:01,DMB인터페이스,DMB,재난위험,영광군
933,2020-02-26 10:00,DMB인터페이스,DMB,재난위험,예천군
934,2020-02-26 9:56,DMB인터페이스,DMB,재난위험,북구
935,2020-02-26 9:55,DMB인터페이스,DMB,재난위험,북구
936,2020-02-26 9:54,DMB인터페이스,DMB,재난위험,북구
937,2020-02-26 9:53,DMB인터페이스,DMB,재난위험,북구
938,2020-02-26 9:52,DMB인터페이스,DMB,재난위험,북구
939,2020-02-26 9:51,DMB인터페이스,DMB,재난위험,북구
940,2020-02-26 9:46,DMB인터페이스,DMB,재난위험,경상북도
941,2020-02-26 9:41,DMB인터페이스,DMB,재난위험,예천군
942,2020-02-26 9:34,DMB인터페이스,DMB,재난위험,사하구
943,2020-02-26 9:31,DMB인터페이스,DMB,재난위험,사하구
944,2020-02-26 9:28,DMB인터페이스,DMB,재난위험,사하구
945,2020-02-26 9:27,DMB인터페이스,DMB,재난위험,사하구
946,2020-02-26 9:27,DMB인터페이스,DMB,재난위험,사하구
947,2020-02-26 9:26,DMB인터페이스,DMB,재난위험,사하구
948,2020-02-26 9:22,DMB인터페이스,DMB,재난위험,사하구
949,2020-02-26 9:18,DMB인터페이스,DMB,재난위험,안동시
950,2020-02-26 9:16,DMB인터페이스,DMB,재난위험,칠곡군
951,2020-02-26 9:06,DMB인터페이스,DMB,재난위험,고양시
952,2020-02-26 9:00,DMB인터페이스,DMB,재난위험,밀양시
953,2020-02-26 8:49,DMB인터페이스,DMB,재난위험,울산광역시
954,2020-02-26 8:30,DMB인터페이스,DMB,재난위험,광양시
955,2020-02-26 8:00,DMB인터페이스,DMB,재난위험,전주시
956,2020-02-26 7:48,DMB인터페이스,DMB,재난위험,증평군
957,2020-02-26 7:48,DMB인터페이스,DMB,재난위험,증평군
958,2020-02-26 7:39,DMB인터페이스,DMB,재난위험,상주시
959,2020-02-26 0:18,DMB인터페이스,DMB,화재 경보,청주시
960,2020-02-25 22:25,DMB인터페이스,DMB,재난위험,남구
961,2020-02-25 22:15,DMB인터페이스,DMB,재난위험,의성군
962,2020-02-25 22:14,DMB인터페이스,DMB,재난위험,의성군
963,2020-02-25 22:13,DMB인터페이스,DMB,재난위험,의성군
964,2020-02-25 22:13,DMB인터페이스,DMB,재난위험,의성군
965,2020-02-25 22:12,DMB인터페이스,DMB,재난위험,의성군
966,2020-02-25 22:12,DMB인터페이스,DMB,재난위험,의성군
967,2020-02-25 20:59,DMB인터페이스,DMB,재난위험,영덕군
968,2020-02-25 20:56,DMB인터페이스,DMB,재난위험,"공주시,보령시,아산시,서산시,논산시,계룡시,금산군,부여군,서천군,청양군,예산군,태안군,당진군,홍성군"
969,2020-02-25 20:38,DMB인터페이스,DMB,재난위험,연천군
970,2020-02-25 20:31,DMB인터페이스,DMB,재난위험,안동시
971,2020-02-25 19:58,DMB인터페이스,DMB,재난위험,남해군
972,2020-02-25 19:54,DMB인터페이스,DMB,재난위험,남해군
973,2020-02-25 19:53,DMB인터페이스,DMB,재난위험,남해군
974,2020-02-25 19:51,DMB인터페이스,DMB,재난위험,남해군
975,2020-02-25 19:48,DMB인터페이스,DMB,재난위험,순천시
976,2020-02-25 19:29,DMB인터페이스,DMB,재난위험,봉화군
977,2020-02-25 19:22,DMB인터페이스,DMB,재난위험,남해군
978,2020-02-25 19:21,DMB인터페이스,DMB,재난위험,남해군
979,2020-02-25 19:20,DMB인터페이스,DMB,재난위험,남해군
980,2020-02-25 19:20,DMB인터페이스,DMB,재난위험,계룡시
981,2020-02-25 19:18,DMB인터페이스,DMB,재난위험,남해군
982,2020-02-25 19:05,DMB인터페이스,DMB,재난위험,진도군
983,2020-02-25 19:04,DMB인터페이스,DMB,재난위험,"서울특별시,인천광역시,경기도,강원도,대전광역시,세종특별자치시,충청북도,충청남도,대구광역시,경상북도,광주광역시,전라북도,전라남도,부산광역시,울산광역시,경상남도,제주특별자치도"
984,2020-02-25 18:52,DMB인터페이스,DMB,재난위험,북구
985,2020-02-25 18:42,DMB인터페이스,DMB,재난위험,영양군
986,2020-02-25 18:26,DMB인터페이스,DMB,재난위험,영주시
987,2020-02-25 18:21,DMB인터페이스,DMB,재난위험,금정구
988,2020-02-25 18:19,DMB인터페이스,DMB,재난위험,금정구
989,2020-02-25 18:16,DMB인터페이스,DMB,재난위험,금정구
990,2020-02-25 18:09,DMB인터페이스,DMB,재난위험,청주시
991,2020-02-25 18:06,DMB인터페이스,DMB,재난위험,부여군
992,2020-02-25 18:05,DMB인터페이스,DMB,재난위험,울진군
993,2020-02-25 18:03,DMB인터페이스,DMB,재난위험,목포시
994,2020-02-25 18:03,DMB인터페이스,DMB,재난위험,"서울특별시,인천광역시,경기도,강원도,대전광역시,세종특별자치시,충청북도,충청남도,대구광역시,경상북도,광주광역시,전라북도,전라남도,부산광역시,울산광역시,경상남도,제주특별자치도"
995,2020-02-25 17:57,DMB인터페이스,DMB,재난위험,경산시
996,2020-02-25 17:56,DMB인터페이스,DMB,재난위험,진주시
997,2020-02-25 17:55,DMB인터페이스,DMB,재난위험,진주시
998,2020-02-25 17:54,DMB인터페이스,DMB,재난위험,울산광역시
999,2020-02-25 17:53,DMB인터페이스,DMB,재난위험,수영구
1000,2020-02-25 17:53,DMB인터페이스,DMB,재난위험,수영구
1001,2020-02-25 17:53,DMB인터페이스,DMB,재난위험,수영구
1002,2020-02-25 17:52,DMB인터페이스,DMB,재난위험,수영구
1003,2020-02-25 17:52,DMB인터페이스,DMB,재난위험,수영구
1004,2020-02-25 17:52,DMB인터페이스,DMB,재난위험,수영구
1005,2020-02-25 17:52,DMB인터페이스,DMB,재난위험,수영구
1006,2020-02-25 17:52,DMB인터페이스,DMB,재난위험,수영구
1007,2020-02-25 17:52,DMB인터페이스,DMB,재난위험,수영구
1008,2020-02-25 17:50,DMB인터페이스,DMB,재난위험,경주시
1009,2020-02-25 17:48,DMB인터페이스,DMB,재난위험,대구광역시
1010,2020-02-25 17:39,DMB인터페이스,DMB,재난위험,동구
1011,2020-02-25 17:36,DMB인터페이스,DMB,재난위험,밀양시
1012,2020-02-25 17:34,DMB인터페이스,DMB,재난위험,구미시
1013,2020-02-25 17:29,DMB인터페이스,DMB,재난위험,동두천시
1014,2020-02-25 17:27,DMB인터페이스,DMB,재난위험,강서구
1015,2020-02-25 17:24,DMB인터페이스,DMB,재난위험,안양시
1016,2020-02-25 17:21,DMB인터페이스,DMB,재난위험,논산시
1017,2020-02-25 17:18,DMB인터페이스,DMB,재난위험,서울특별시
1018,2020-02-25 17:16,DMB인터페이스,DMB,재난위험,"서울특별시,인천광역시,경기도,강원도,대전광역시,세종특별자치시,충청북도,충청남도,대구광역시,경상북도,광주광역시,전라북도,전라남도,부산광역시,울산광역시,경상남도,제주특별자치도"
1019,2020-02-25 17:15,DMB인터페이스,DMB,재난위험,김천시
1020,2020-02-25 17:12,DMB인터페이스,DMB,재난위험,광주광역시
1021,2020-02-25 17:11,DMB인터페이스,DMB,재난위험,광주광역시
1022,2020-02-25 17:05,DMB인터페이스,DMB,재난위험,강서구
1023,2020-02-25 17:04,DMB인터페이스,DMB,재난위험,임실군
1024,2020-02-25 16:57,DMB인터페이스,DMB,재난위험,충주시
1025,2020-02-25 16:51,DMB인터페이스,DMB,재난위험,봉화군
1026,2020-02-25 16:49,DMB인터페이스,DMB,재난위험,군산시
1027,2020-02-25 16:40,DMB인터페이스,DMB,재난위험,인천광역시
1028,2020-02-25 16:39,DMB인터페이스,DMB,재난위험,영주시
1029,2020-02-25 16:28,DMB인터페이스,DMB,재난위험,영주시
1030,2020-02-25 16:15,DMB인터페이스,DMB,재난위험,아산시
1031,2020-02-25 16:08,DMB인터페이스,DMB,재난위험,청송군
1032,2020-02-25 16:08,DMB인터페이스,DMB,재난위험,장수군
1033,2020-02-25 16:08,DMB인터페이스,DMB,재난위험,청송군
1034,2020-02-25 16:07,DMB인터페이스,DMB,재난위험,청송군
1035,2020-02-25 16:06,DMB인터페이스,DMB,재난위험,청송군
1036,2020-02-25 16:05,DMB인터페이스,DMB,재난위험,청송군
1037,2020-02-25 16:03,DMB인터페이스,DMB,재난위험,안산시
1038,2020-02-25 16:03,DMB인터페이스,DMB,재난위험,보은군
1039,2020-02-25 16:02,DMB인터페이스,DMB,재난위험,구미시
1040,2020-02-25 16:01,DMB인터페이스,DMB,재난위험,칠곡군
1041,2020-02-25 15:58,DMB인터페이스,DMB,재난위험,문경시
1042,2020-02-25 15:51,DMB인터페이스,DMB,재난위험,울산광역시
1043,2020-02-25 15:49,DMB인터페이스,DMB,재난위험,울산광역시
1044,2020-02-25 15:47,DMB인터페이스,DMB,재난위험,음성군
1045,2020-02-25 15:47,DMB인터페이스,DMB,재난위험,울산광역시
1046,2020-02-25 15:46,DMB인터페이스,DMB,재난위험,음성군
1047,2020-02-25 15:46,DMB인터페이스,DMB,재난위험,음성군
1048,2020-02-25 15:46,DMB인터페이스,DMB,재난위험,강서구
1049,2020-02-25 15:40,DMB인터페이스,DMB,재난위험,이천시
1050,2020-02-25 15:40,DMB인터페이스,DMB,재난위험,익산시
1051,2020-02-25 15:39,DMB인터페이스,DMB,재난위험,울산광역시
1052,2020-02-25 15:39,DMB인터페이스,DMB,재난위험,남해군
1053,2020-02-25 15:36,DMB인터페이스,DMB,재난위험,울산광역시
1054,2020-02-25 15:33,DMB인터페이스,DMB,재난위험,울산광역시
1055,2020-02-25 15:32,DMB인터페이스,DMB,재난위험,횡성군
1056,2020-02-25 15:32,DMB인터페이스,DMB,재난위험,남구
1057,2020-02-25 15:30,DMB인터페이스,DMB,재난위험,울산광역시
1058,2020-02-25 15:29,DMB인터페이스,DMB,재난위험,구미시
1059,2020-02-25 15:28,DMB인터페이스,DMB,재난위험,울산광역시
1060,2020-02-25 15:27,DMB인터페이스,DMB,재난위험,성남시
1061,2020-02-25 15:26,DMB인터페이스,DMB,재난위험,"전주시,군산시,익산시,정읍시,김제시,완주군,무주군,장수군,순창군,고창군,부안군"
1062,2020-02-25 15:25,DMB인터페이스,DMB,재난위험,울산광역시
1063,2020-02-25 15:15,DMB인터페이스,DMB,재난위험,예천군
1064,2020-02-25 15:15,DMB인터페이스,DMB,재난위험,영광군
1065,2020-02-25 15:15,DMB인터페이스,DMB,재난위험,예천군
1066,2020-02-25 15:13,DMB인터페이스,DMB,재난위험,김천시
1067,2020-02-25 15:00,DMB인터페이스,DMB,재난위험,제주특별자치도
1068,2020-02-25 14:54,DMB인터페이스,DMB,재난위험,안양시
1069,2020-02-25 14:53,DMB인터페이스,DMB,재난위험,울산광역시
1070,2020-02-25 14:52,DMB인터페이스,DMB,재난위험,남구
1071,2020-02-25 14:49,DMB인터페이스,DMB,재난위험,서울특별시
1072,2020-02-25 14:49,DMB인터페이스,DMB,재난위험,포항시
1073,2020-02-25 14:43,DMB인터페이스,DMB,재난위험,중구
1074,2020-02-25 14:33,DMB인터페이스,DMB,재난위험,포항시
1075,2020-02-25 14:30,DMB인터페이스,DMB,재난위험,진안군
1076,2020-02-25 14:30,DMB인터페이스,DMB,재난위험,김포시
1077,2020-02-25 14:28,DMB인터페이스,DMB,재난위험,진안군
1078,2020-02-25 14:21,DMB인터페이스,DMB,재난위험,충청북도
1079,2020-02-25 14:21,DMB인터페이스,DMB,재난위험,제천시
1080,2020-02-25 14:21,DMB인터페이스,DMB,재난위험,나주시
1081,2020-02-25 14:19,DMB인터페이스,DMB,재난위험,영주시
1082,2020-02-25 14:17,DMB인터페이스,DMB,재난위험,창녕군
1083,2020-02-25 14:15,DMB인터페이스,DMB,재난위험,완도군
1084,2020-02-25 14:15,DMB인터페이스,DMB,재난위험,안동시
1085,2020-02-25 14:12,DMB인터페이스,DMB,재난위험,안동시
1086,2020-02-25 14:06,DMB인터페이스,DMB,재난위험,세종특별자치시
1087,2020-02-25 14:02,DMB인터페이스,DMB,재난위험,중구
1088,2020-02-25 14:01,DMB인터페이스,DMB,재난위험,중구
1089,2020-02-25 14:01,DMB인터페이스,DMB,재난위험,중구
1090,2020-02-25 13:59,DMB인터페이스,DMB,재난위험,밀양시
1091,2020-02-25 13:53,DMB인터페이스,DMB,재난위험,금정구
1092,2020-02-25 13:47,DMB인터페이스,DMB,재난위험,예천군
1093,2020-02-25 13:43,DMB인터페이스,DMB,재난위험,곡성군
1094,2020-02-25 13:37,DMB인터페이스,DMB,재난위험,문경시
1095,2020-02-25 13:37,DMB인터페이스,DMB,재난위험,서구
1096,2020-02-25 13:28,DMB인터페이스,DMB,재난위험,해운대구
1097,2020-02-25 13:24,DMB인터페이스,DMB,재난위험,김천시
1098,2020-02-25 13:22,DMB인터페이스,DMB,재난위험,해남군
1099,2020-02-25 13:17,DMB인터페이스,DMB,재난위험,대구광역시
1100,2020-02-25 12:57,DMB인터페이스,DMB,재난위험,해운대구
1101,2020-02-25 12:53,DMB인터페이스,DMB,재난위험,해운대구
1102,2020-02-25 12:40,DMB인터페이스,DMB,재난위험,해운대구
1103,2020-02-25 12:40,DMB인터페이스,DMB,재난위험,해운대구
1104,2020-02-25 12:09,DMB인터페이스,DMB,재난위험,사하구
1105,2020-02-25 12:07,DMB인터페이스,DMB,재난위험,서구
1106,2020-02-25 12:06,DMB인터페이스,DMB,재난위험,통영시
1107,2020-02-25 11:58,DMB인터페이스,DMB,재난위험,음성군
1108,2020-02-25 11:56,DMB인터페이스,DMB,재난위험,의성군
1109,2020-02-25 11:56,DMB인터페이스,DMB,재난위험,의성군
1110,2020-02-25 11:54,DMB인터페이스,DMB,재난위험,통영시
1111,2020-02-25 11:45,DMB인터페이스,DMB,재난위험,영주시
1112,2020-02-25 11:41,DMB인터페이스,DMB,재난위험,광주광역시
1113,2020-02-25 11:40,DMB인터페이스,DMB,재난위험,광주광역시
1114,2020-02-25 11:34,DMB인터페이스,DMB,재난위험,예천군
1115,2020-02-25 11:33,DMB인터페이스,DMB,재난위험,예천군
1116,2020-02-25 11:30,DMB인터페이스,DMB,재난위험,칠곡군
1117,2020-02-25 11:30,DMB인터페이스,DMB,재난위험,산청군
1118,2020-02-25 11:29,DMB인터페이스,DMB,재난위험,이천시
1119,2020-02-25 11:23,DMB인터페이스,DMB,재난위험,안동시
1120,2020-02-25 11:20,DMB인터페이스,DMB,재난위험,문경시
1121,2020-02-25 11:15,DMB인터페이스,DMB,재난위험,영양군
1122,2020-02-25 11:15,DMB인터페이스,DMB,재난위험,충청남도
1123,2020-02-25 11:13,DMB인터페이스,DMB,재난위험,상주시
1124,2020-02-25 11:13,DMB인터페이스,DMB,재난위험,순천시
1125,2020-02-25 11:13,DMB인터페이스,DMB,재난위험,상주시
1126,2020-02-25 11:13,DMB인터페이스,DMB,재난위험,상주시
1127,2020-02-25 11:12,DMB인터페이스,DMB,재난위험,상주시
1128,2020-02-25 11:11,DMB인터페이스,DMB,재난위험,청주시
1129,2020-02-25 11:07,DMB인터페이스,DMB,재난위험,안양시
1130,2020-02-25 11:06,DMB인터페이스,DMB,재난위험,영덕군
1131,2020-02-25 11:05,DMB인터페이스,DMB,재난위험,김천시
1132,2020-02-25 11:05,DMB인터페이스,DMB,재난위험,장흥군
1133,2020-02-25 11:00,DMB인터페이스,DMB,재난위험,안양시
1134,2020-02-25 11:00,DMB인터페이스,DMB,재난위험,충주시
1135,2020-02-25 11:00,DMB인터페이스,DMB,재난위험,옥천군
1136,2020-02-25 11:00,DMB인터페이스,DMB,재난위험,세종특별자치시
1137,2020-02-25 10:55,DMB인터페이스,DMB,재난위험,청도군
1138,2020-02-25 10:50,DMB인터페이스,DMB,재난위험,서구
1139,2020-02-25 10:50,DMB인터페이스,DMB,재난위험,서구
1140,2020-02-25 10:49,DMB인터페이스,DMB,재난위험,서구
1141,2020-02-25 10:49,DMB인터페이스,DMB,재난위험,서구
1142,2020-02-25 10:49,DMB인터페이스,DMB,재난위험,서구
1143,2020-02-25 10:45,DMB인터페이스,DMB,재난위험,하동군
1144,2020-02-25 10:39,DMB인터페이스,DMB,재난위험,순창군
1145,2020-02-25 10:36,DMB인터페이스,DMB,재난위험,여수시
1146,2020-02-25 10:33,DMB인터페이스,DMB,재난위험,사하구
1147,2020-02-25 10:33,DMB인터페이스,DMB,재난위험,충청남도
1148,2020-02-25 10:30,DMB인터페이스,DMB,재난위험,사하구
1149,2020-02-25 10:29,DMB인터페이스,DMB,재난위험,사천시
1150,2020-02-25 10:28,DMB인터페이스,DMB,재난위험,영천시
1151,2020-02-25 10:27,DMB인터페이스,DMB,재난위험,사하구
1152,2020-02-25 10:26,DMB인터페이스,DMB,재난위험,사하구
1153,2020-02-25 10:25,DMB인터페이스,DMB,재난위험,서구
1154,2020-02-25 10:25,DMB인터페이스,DMB,재난위험,서구
1155,2020-02-25 10:24,DMB인터페이스,DMB,재난위험,서구
1156,2020-02-25 10:24,DMB인터페이스,DMB,재난위험,서구
1157,2020-02-25 10:23,DMB인터페이스,DMB,재난위험,서구
1158,2020-02-25 10:23,DMB인터페이스,DMB,재난위험,서구
1159,2020-02-25 10:22,DMB인터페이스,DMB,재난위험,서구
1160,2020-02-25 10:21,DMB인터페이스,DMB,재난위험,서구
1161,2020-02-25 10:20,DMB인터페이스,DMB,재난위험,안동시
1162,2020-02-25 10:20,DMB인터페이스,DMB,재난위험,안동시
1163,2020-02-25 10:19,DMB인터페이스,DMB,재난위험,안동시
1164,2020-02-25 10:19,DMB인터페이스,DMB,재난위험,안동시
1165,2020-02-25 10:19,DMB인터페이스,DMB,재난위험,서구
1166,2020-02-25 10:18,DMB인터페이스,DMB,재난위험,서구
1167,2020-02-25 10:18,DMB인터페이스,DMB,재난위험,안동시
1168,2020-02-25 10:18,DMB인터페이스,DMB,재난위험,담양군
1169,2020-02-25 10:17,DMB인터페이스,DMB,재난위험,안동시
1170,2020-02-25 10:16,DMB인터페이스,DMB,재난위험,안동시
1171,2020-02-25 10:15,DMB인터페이스,DMB,재난위험,안동시
1172,2020-02-25 10:13,DMB인터페이스,DMB,재난위험,사하구
1173,2020-02-25 10:13,DMB인터페이스,DMB,재난위험,울진군
1174,2020-02-25 10:11,DMB인터페이스,DMB,재난위험,사하구
1175,2020-02-25 10:10,DMB인터페이스,DMB,재난위험,사하구
1176,2020-02-25 10:09,DMB인터페이스,DMB,재난위험,상주시
1177,2020-02-25 10:09,DMB인터페이스,DMB,재난위험,상주시
1178,2020-02-25 10:09,DMB인터페이스,DMB,재난위험,상주시
1179,2020-02-25 10:07,DMB인터페이스,DMB,재난위험,사하구
1180,2020-02-25 10:06,DMB인터페이스,DMB,재난위험,봉화군
1181,2020-02-25 10:10,DMB인터페이스,DMB,대설 경보,"강릉시,속초시,홍천군,평창군,양구군,인제군,고성군,양양군"
1182,2020-02-25 10:02,DMB인터페이스,DMB,재난위험,보은군
1183,2020-02-25 9:56,DMB인터페이스,DMB,재난위험,보은군
1184,2020-02-25 9:55,DMB인터페이스,DMB,재난위험,강서구
1185,2020-02-25 9:55,DMB인터페이스,DMB,재난위험,남양주시
1186,2020-02-25 9:54,DMB인터페이스,DMB,재난위험,예천군
1187,2020-02-25 9:54,DMB인터페이스,DMB,재난위험,예천군
1188,2020-02-25 9:46,DMB인터페이스,DMB,재난위험,강서구
1189,2020-02-25 9:46,DMB인터페이스,DMB,재난위험,강서구
1190,2020-02-25 9:44,DMB인터페이스,DMB,재난위험,임실군
1191,2020-02-25 9:43,DMB인터페이스,DMB,재난위험,군위군
1192,2020-02-25 9:43,DMB인터페이스,DMB,재난위험,군위군
1193,2020-02-25 9:42,DMB인터페이스,DMB,재난위험,군위군
1194,2020-02-25 9:42,DMB인터페이스,DMB,재난위험,군위군
1195,2020-02-25 9:42,DMB인터페이스,DMB,재난위험,군위군
1196,2020-02-25 9:38,DMB인터페이스,DMB,재난위험,사하구
1197,2020-02-25 9:33,DMB인터페이스,DMB,재난위험,영광군
1198,2020-02-25 9:32,DMB인터페이스,DMB,재난위험,남구
1199,2020-02-25 9:27,DMB인터페이스,DMB,재난위험,김포시
1200,2020-02-25 9:20,DMB인터페이스,DMB,재난위험,강서구
1201,2020-02-25 9:13,DMB인터페이스,DMB,재난위험,함평군
1202,2020-02-25 9:12,DMB인터페이스,DMB,재난위험,예천군
1203,2020-02-25 9:12,DMB인터페이스,DMB,재난위험,예천군
1204,2020-02-25 8:56,DMB인터페이스,DMB,재난위험,청송군
1205,2020-02-25 8:55,DMB인터페이스,DMB,재난위험,안동시
1206,2020-02-25 8:55,DMB인터페이스,DMB,재난위험,울산광역시
1207,2020-02-25 8:47,DMB인터페이스,DMB,재난위험,구미시
1208,2020-02-25 8:43,DMB인터페이스,DMB,재난위험,군위군
1209,2020-02-25 8:37,DMB인터페이스,DMB,재난위험,상주시
1210,2020-02-25 8:37,DMB인터페이스,DMB,재난위험,상주시
1211,2020-02-25 8:37,DMB인터페이스,DMB,재난위험,상주시
1212,2020-02-25 8:34,DMB인터페이스,DMB,재난위험,영주시
1213,2020-02-25 8:20,DMB인터페이스,DMB,재난위험,예천군
1214,2020-02-25 8:13,DMB인터페이스,DMB,재난위험,부천시
1215,2020-02-25 8:10,DMB인터페이스,DMB,재난위험,울산광역시
1216,2020-02-25 8:00,DMB인터페이스,DMB,재난위험,여수시
1217,2020-02-25 7:57,DMB인터페이스,DMB,재난위험,상주시
1218,2020-02-24 22:07,DMB인터페이스,DMB,재난위험,포항시
1219,2020-02-24 20:35,DMB인터페이스,DMB,재난위험,나주시
1220,2020-02-24 20:30,DMB인터페이스,DMB,재난위험,구리시
1221,2020-02-24 20:29,DMB인터페이스,DMB,재난위험,북구
1222,2020-02-24 20:28,DMB인터페이스,DMB,재난위험,문경시
1223,2020-02-24 20:28,DMB인터페이스,DMB,재난위험,문경시
1224,2020-02-24 20:23,DMB인터페이스,DMB,재난위험,대전광역시
1225,2020-02-24 20:22,DMB인터페이스,DMB,재난위험,부천시
1226,2020-02-24 20:17,DMB인터페이스,DMB,재난위험,문경시
1227,2020-02-24 20:17,DMB인터페이스,DMB,재난위험,문경시
1228,2020-02-24 20:15,DMB인터페이스,DMB,재난위험,남구
1229,2020-02-24 19:51,DMB인터페이스,DMB,재난위험,영양군
1230,2020-02-24 19:32,DMB인터페이스,DMB,재난위험,연천군
1231,2020-02-24 19:09,DMB인터페이스,DMB,재난위험,계룡시
1232,2020-02-24 19:00,DMB인터페이스,DMB,재난위험,광양시
1233,2020-02-24 18:50,DMB인터페이스,DMB,재난위험,영주시
1234,2020-02-24 18:45,DMB인터페이스,DMB,재난위험,양산시
1235,2020-02-24 18:42,DMB인터페이스,DMB,재난위험,진주시
1236,2020-02-24 18:42,DMB인터페이스,DMB,재난위험,양산시
1237,2020-02-24 18:42,DMB인터페이스,DMB,재난위험,진주시
1238,2020-02-24 18:37,DMB인터페이스,DMB,재난위험,남동구
1239,2020-02-24 18:36,DMB인터페이스,DMB,재난위험,문경시
1240,2020-02-24 18:35,DMB인터페이스,DMB,재난위험,봉화군
1241,2020-02-24 18:32,DMB인터페이스,DMB,재난위험,논산시
1242,2020-02-24 18:32,DMB인터페이스,DMB,재난위험,포천시
1243,2020-02-24 18:30,DMB인터페이스,DMB,재난위험,목포시
1244,2020-02-24 18:29,DMB인터페이스,DMB,재난위험,예천군
1245,2020-02-24 18:13,DMB인터페이스,DMB,재난위험,안성시
1246,2020-02-24 18:06,DMB인터페이스,DMB,재난위험,울진군
1247,2020-02-24 18:01,DMB인터페이스,DMB,재난위험,사하구
1248,2020-02-24 17:58,DMB인터페이스,DMB,재난위험,사하구
1249,2020-02-24 17:57,DMB인터페이스,DMB,재난위험,단양군
1250,2020-02-24 17:53,DMB인터페이스,DMB,재난위험,사하구
1251,2020-02-24 17:51,DMB인터페이스,DMB,재난위험,순천시
1252,2020-02-24 17:47,DMB인터페이스,DMB,재난위험,사하구
1253,2020-02-24 17:45,DMB인터페이스,DMB,재난위험,칠곡군
1254,2020-02-24 17:45,DMB인터페이스,DMB,재난위험,사하구
1255,2020-02-24 17:44,DMB인터페이스,DMB,재난위험,나주시
1256,2020-02-24 17:32,DMB인터페이스,DMB,재난위험,제주특별자치도
1257,2020-02-24 17:31,DMB인터페이스,DMB,재난위험,정선군
1258,2020-02-24 17:28,DMB인터페이스,DMB,재난위험,안성시
1259,2020-02-24 17:28,DMB인터페이스,DMB,재난위험,상주시
1260,2020-02-24 17:28,DMB인터페이스,DMB,재난위험,상주시
1261,2020-02-24 17:27,DMB인터페이스,DMB,재난위험,상주시
1262,2020-02-24 17:17,DMB인터페이스,DMB,재난위험,수영구
1263,2020-02-24 17:06,DMB인터페이스,DMB,재난위험,익산시
1264,2020-02-24 17:05,DMB인터페이스,DMB,재난위험,수영구
1265,2020-02-24 17:04,DMB인터페이스,DMB,재난위험,안동시
1266,2020-02-24 16:49,DMB인터페이스,DMB,재난위험,울산광역시
1267,2020-02-24 16:45,DMB인터페이스,DMB,재난위험,금정구
1268,2020-02-24 16:40,DMB인터페이스,DMB,재난위험,구미시
1269,2020-02-24 16:39,DMB인터페이스,DMB,재난위험,금정구
1270,2020-02-24 16:39,DMB인터페이스,DMB,재난위험,구미시
1271,2020-02-24 16:34,DMB인터페이스,DMB,재난위험,사하구
1272,2020-02-24 16:33,DMB인터페이스,DMB,재난위험,구미시
1273,2020-02-24 16:33,DMB인터페이스,DMB,재난위험,경산시
1274,2020-02-24 16:32,DMB인터페이스,DMB,재난위험,평창군
1275,2020-02-24 16:32,DMB인터페이스,DMB,재난위험,순천시
1276,2020-02-24 16:31,DMB인터페이스,DMB,재난위험,상주시
1277,2020-02-24 16:31,DMB인터페이스,DMB,재난위험,상주시
1278,2020-02-24 16:30,DMB인터페이스,DMB,재난위험,구미시
1279,2020-02-24 16:20,DMB인터페이스,DMB,재난위험,울산광역시
1280,2020-02-24 16:20,DMB인터페이스,DMB,재난위험,금정구
1281,2020-02-24 16:19,DMB인터페이스,DMB,재난위험,울산광역시
1282,2020-02-24 16:18,DMB인터페이스,DMB,재난위험,울산광역시
1283,2020-02-24 16:16,DMB인터페이스,DMB,재난위험,금정구
1284,2020-02-24 16:13,DMB인터페이스,DMB,재난위험,영천시
1285,2020-02-24 15:56,DMB인터페이스,DMB,재난위험,구미시
1286,2020-02-24 15:56,DMB인터페이스,DMB,재난위험,영동군
1287,2020-02-24 15:52,DMB인터페이스,DMB,재난위험,송파구
1288,2020-02-24 15:31,DMB인터페이스,DMB,재난위험,김천시
1289,2020-02-24 15:30,DMB인터페이스,DMB,재난위험,영덕군
1290,2020-02-24 15:21,DMB인터페이스,DMB,재난위험,칠곡군
1291,2020-02-24 15:20,DMB인터페이스,DMB,재난위험,금정구
1292,2020-02-24 15:20,DMB인터페이스,DMB,재난위험,금정구
1293,2020-02-24 15:19,DMB인터페이스,DMB,재난위험,금정구
1294,2020-02-24 15:19,DMB인터페이스,DMB,재난위험,칠곡군
1295,2020-02-24 15:15,DMB인터페이스,DMB,재난위험,고흥군
1296,2020-02-24 15:10,DMB인터페이스,DMB,재난위험,장흥군
1297,2020-02-24 15:01,DMB인터페이스,DMB,재난위험,임실군
1298,2020-02-24 14:58,DMB인터페이스,DMB,재난위험,광양시
1299,2020-02-24 14:54,DMB인터페이스,DMB,재난위험,중구
1300,2020-02-24 14:51,DMB인터페이스,DMB,재난위험,중구
1301,2020-02-24 14:50,DMB인터페이스,DMB,재난위험,중구
1302,2020-02-24 14:49,DMB인터페이스,DMB,재난위험,중구
1303,2020-02-24 14:49,DMB인터페이스,DMB,재난위험,영주시
1304,2020-02-24 14:48,DMB인터페이스,DMB,재난위험,중구
1305,2020-02-24 14:47,DMB인터페이스,DMB,재난위험,금정구
1306,2020-02-24 14:47,DMB인터페이스,DMB,재난위험,중구
1307,2020-02-24 14:47,DMB인터페이스,DMB,재난위험,금정구
1308,2020-02-24 14:31,DMB인터페이스,DMB,재난위험,금정구
1309,2020-02-24 14:30,DMB인터페이스,DMB,재난위험,안동시
1310,2020-02-24 14:27,DMB인터페이스,DMB,재난위험,영도구
1311,2020-02-24 14:27,DMB인터페이스,DMB,재난위험,안동시
1312,2020-02-24 14:20,DMB인터페이스,DMB,재난위험,안동시
1313,2020-02-24 14:18,DMB인터페이스,DMB,재난위험,안양시
1314,2020-02-24 14:16,DMB인터페이스,DMB,재난위험,안동시
1315,2020-02-24 14:15,DMB인터페이스,DMB,재난위험,울산광역시
1316,2020-02-24 14:03,DMB인터페이스,DMB,재난위험,수영구
1317,2020-02-24 14:01,DMB인터페이스,DMB,재난위험,예천군
1318,2020-02-24 14:00,DMB인터페이스,DMB,재난위험,서구
1319,2020-02-24 14:00,DMB인터페이스,DMB,재난위험,서구
1320,2020-02-24 13:59,DMB인터페이스,DMB,재난위험,서구
1321,2020-02-24 13:58,DMB인터페이스,DMB,재난위험,서구
1322,2020-02-24 13:47,DMB인터페이스,DMB,재난위험,창원시
1323,2020-02-24 13:47,DMB인터페이스,DMB,재난위험,울산광역시
1324,2020-02-24 13:46,DMB인터페이스,DMB,재난위험,울산광역시
1325,2020-02-24 13:45,DMB인터페이스,DMB,재난위험,울산광역시
1326,2020-02-24 13:36,DMB인터페이스,DMB,재난위험,영덕군
1327,2020-02-24 13:31,DMB인터페이스,DMB,재난위험,문경시
1328,2020-02-24 13:31,DMB인터페이스,DMB,재난위험,광주광역시
1329,2020-02-24 13:13,DMB인터페이스,DMB,재난위험,당진군
1330,2020-02-24 13:01,DMB인터페이스,DMB,재난위험,안동시
1331,2020-02-24 12:54,DMB인터페이스,DMB,재난위험,전라북도
1332,2020-02-24 12:44,DMB인터페이스,DMB,재난위험,남구
1333,2020-02-24 12:32,DMB인터페이스,DMB,재난위험,청주시
1334,2020-02-24 12:24,DMB인터페이스,DMB,재난위험,광주광역시
1335,2020-02-24 12:15,DMB인터페이스,DMB,재난위험,김천시
1336,2020-02-24 12:15,DMB인터페이스,DMB,재난위험,하동군
1337,2020-02-24 12:11,DMB인터페이스,DMB,재난위험,양산시
1338,2020-02-24 12:07,DMB인터페이스,DMB,재난위험,양산시
1339,2020-02-24 12:06,DMB인터페이스,DMB,재난위험,양산시
1340,2020-02-24 12:04,DMB인터페이스,DMB,재난위험,양산시
1341,2020-02-24 12:00,DMB인터페이스,DMB,재난위험,남구
1342,2020-02-24 11:59,DMB인터페이스,DMB,재난위험,양산시
1343,2020-02-24 11:58,DMB인터페이스,DMB,재난위험,가평군
1344,2020-02-24 11:58,DMB인터페이스,DMB,재난위험,강화군
1345,2020-02-24 11:56,DMB인터페이스,DMB,재난위험,남구
1346,2020-02-24 11:54,DMB인터페이스,DMB,재난위험,의성군
1347,2020-02-24 11:54,DMB인터페이스,DMB,재난위험,의성군
1348,2020-02-24 11:53,DMB인터페이스,DMB,재난위험,연제구
1349,2020-02-24 11:53,DMB인터페이스,DMB,재난위험,의성군
1350,2020-02-24 11:53,DMB인터페이스,DMB,재난위험,의성군
1351,2020-02-24 11:53,DMB인터페이스,DMB,재난위험,남구
1352,2020-02-24 11:52,DMB인터페이스,DMB,재난위험,의성군
1353,2020-02-24 11:52,DMB인터페이스,DMB,재난위험,의성군
1354,2020-02-24 11:51,DMB인터페이스,DMB,재난위험,의성군
1355,2020-02-24 11:50,DMB인터페이스,DMB,재난위험,의성군
1356,2020-02-24 11:49,DMB인터페이스,DMB,재난위험,의성군
1357,2020-02-24 11:48,DMB인터페이스,DMB,재난위험,의성군
1358,2020-02-24 11:48,DMB인터페이스,DMB,재난위험,의성군
1359,2020-02-24 11:48,DMB인터페이스,DMB,재난위험,의성군
1360,2020-02-24 11:45,DMB인터페이스,DMB,재난위험,해남군
1361,2020-02-24 11:43,DMB인터페이스,DMB,재난위험,예천군
1362,2020-02-24 11:30,DMB인터페이스,DMB,재난위험,완주군
1363,2020-02-24 11:29,DMB인터페이스,DMB,재난위험,무주군
1364,2020-02-24 11:27,DMB인터페이스,DMB,재난위험,강서구
1365,2020-02-24 11:26,DMB인터페이스,DMB,재난위험,상주시
1366,2020-02-24 11:26,DMB인터페이스,DMB,재난위험,울산광역시
1367,2020-02-24 11:25,DMB인터페이스,DMB,재난위험,용인시
1368,2020-02-24 11:24,DMB인터페이스,DMB,재난위험,용인시
1369,2020-02-24 11:23,DMB인터페이스,DMB,재난위험,용인시
1370,2020-02-24 11:23,DMB인터페이스,DMB,재난위험,곡성군
1371,2020-02-24 11:22,DMB인터페이스,DMB,재난위험,세종특별자치시
1372,2020-02-24 11:20,DMB인터페이스,DMB,재난위험,군위군
1373,2020-02-24 11:19,DMB인터페이스,DMB,재난위험,양산시
1374,2020-02-24 11:18,DMB인터페이스,DMB,재난위험,"천안시,공주시,보령시,아산시,서산시,논산시,계룡시,금산군,부여군,서천군,청양군,태안군,홍성군"
1375,2020-02-24 11:18,DMB인터페이스,DMB,재난위험,예천군
1376,2020-02-24 11:17,DMB인터페이스,DMB,재난위험,양산시
1377,2020-02-24 11:14,DMB인터페이스,DMB,재난위험,충청북도
1378,2020-02-24 11:07,DMB인터페이스,DMB,재난위험,곡성군
1379,2020-02-24 11:06,DMB인터페이스,DMB,재난위험,김천시
1380,2020-02-24 11:04,DMB인터페이스,DMB,재난위험,보성군
1381,2020-02-24 11:04,DMB인터페이스,DMB,재난위험,부천시
1382,2020-02-24 11:03,DMB인터페이스,DMB,재난위험,양산시
1383,2020-02-24 11:01,DMB인터페이스,DMB,재난위험,영천시
1384,2020-02-24 10:56,DMB인터페이스,DMB,재난위험,북구
1385,2020-02-24 10:42,DMB인터페이스,DMB,재난위험,영덕군
1386,2020-02-24 10:41,DMB인터페이스,DMB,재난위험,연천군
1387,2020-02-24 10:38,DMB인터페이스,DMB,재난위험,예산군
1388,2020-02-24 10:38,DMB인터페이스,DMB,재난위험,영주시
1389,2020-02-24 10:28,DMB인터페이스,DMB,재난위험,구리시
1390,2020-02-24 10:27,DMB인터페이스,DMB,재난위험,장수군
1391,2020-02-24 10:09,DMB인터페이스,DMB,재난위험,파주시
1392,2020-02-24 10:09,DMB인터페이스,DMB,재난위험,경상북도
1393,2020-02-24 10:07,DMB인터페이스,DMB,재난위험,울진군
1394,2020-02-24 10:03,DMB인터페이스,DMB,재난위험,의성군
1395,2020-02-24 10:00,DMB인터페이스,DMB,재난위험,구례군
1396,2020-02-24 10:00,DMB인터페이스,DMB,재난위험,전라남도
1397,2020-02-24 9:56,DMB인터페이스,DMB,재난위험,영천시
1398,2020-02-24 9:56,DMB인터페이스,DMB,재난위험,영천시
1399,2020-02-24 9:56,DMB인터페이스,DMB,재난위험,영천시
1400,2020-02-24 9:55,DMB인터페이스,DMB,재난위험,영천시
1401,2020-02-24 9:55,DMB인터페이스,DMB,재난위험,영천시
1402,2020-02-24 9:54,DMB인터페이스,DMB,재난위험,영천시
1403,2020-02-24 9:53,DMB인터페이스,DMB,재난위험,영천시
1404,2020-02-24 9:52,DMB인터페이스,DMB,재난위험,영천시
1405,2020-02-24 9:40,DMB인터페이스,DMB,재난위험,부안군
1406,2020-02-24 9:34,DMB인터페이스,DMB,재난위험,구미시
1407,2020-02-24 9:29,DMB인터페이스,DMB,재난위험,구미시
1408,2020-02-24 9:29,DMB인터페이스,DMB,재난위험,구미시
1409,2020-02-24 9:28,DMB인터페이스,DMB,재난위험,충청남도
1410,2020-02-24 9:26,DMB인터페이스,DMB,재난위험,구미시
1411,2020-02-24 9:19,DMB인터페이스,DMB,재난위험,북구
1412,2020-02-24 9:18,DMB인터페이스,DMB,재난위험,북구
1413,2020-02-24 9:18,DMB인터페이스,DMB,재난위험,북구
1414,2020-02-24 9:17,DMB인터페이스,DMB,재난위험,북구
1415,2020-02-24 9:17,DMB인터페이스,DMB,재난위험,북구
1416,2020-02-24 9:16,DMB인터페이스,DMB,재난위험,북구
1417,2020-02-24 9:15,DMB인터페이스,DMB,재난위험,북구
1418,2020-02-24 9:08,DMB인터페이스,DMB,재난위험,구미시
1419,2020-02-24 9:00,DMB인터페이스,DMB,재난위험,순창군
1420,2020-02-24 8:48,DMB인터페이스,DMB,재난위험,구미시
1421,2020-02-24 8:46,DMB인터페이스,DMB,재난위험,안동시
1422,2020-02-24 7:29,DMB인터페이스,DMB,재난위험,상주시
1423,2020-02-24 7:24,DMB인터페이스,DMB,재난위험,상주시
1424,2020-02-24 7:00,DMB인터페이스,DMB,재난위험,용인시
1425,2020-02-23 22:59,DMB인터페이스,DMB,재난위험,영주시
1426,2020-02-23 21:44,DMB인터페이스,DMB,재난위험,목포시
1427,2020-02-23 21:36,DMB인터페이스,DMB,재난위험,포항시
1428,2020-02-23 21:34,DMB인터페이스,DMB,재난위험,포항시
1429,2020-02-23 21:34,DMB인터페이스,DMB,재난위험,포항시
1430,2020-02-23 21:23,DMB인터페이스,DMB,재난위험,문경시
1431,2020-02-23 20:21,DMB인터페이스,DMB,재난위험,칠곡군
1432,2020-02-23 19:44,DMB인터페이스,DMB,재난위험,울산광역시
1433,2020-02-23 19:38,DMB인터페이스,DMB,재난위험,경주시
1434,2020-02-23 19:29,DMB인터페이스,DMB,재난위험,서울특별시
1435,2020-02-23 19:26,DMB인터페이스,DMB,재난위험,경산시
1436,2020-02-23 18:54,DMB인터페이스,DMB,재난위험,안동시
1437,2020-02-23 18:42,DMB인터페이스,DMB,재난위험,부산광역시
1438,2020-02-23 18:40,DMB인터페이스,DMB,재난위험,영덕군
1439,2020-02-23 18:35,DMB인터페이스,DMB,재난위험,익산시
1440,2020-02-23 18:33,DMB인터페이스,DMB,재난위험,성주군
1441,2020-02-23 18:10,DMB인터페이스,DMB,재난위험,양산시
1442,2020-02-23 18:09,DMB인터페이스,DMB,재난위험,울진군
1443,2020-02-23 18:07,DMB인터페이스,DMB,재난위험,고성군
1444,2020-02-23 17:55,DMB인터페이스,DMB,재난위험,김천시
1445,2020-02-23 17:49,DMB인터페이스,DMB,재난위험,무주군
1446,2020-02-23 17:46,DMB인터페이스,DMB,재난위험,대전광역시
1447,2020-02-23 17:44,DMB인터페이스,DMB,재난위험,대전광역시
1448,2020-02-23 17:42,DMB인터페이스,DMB,재난위험,대전광역시
1449,2020-02-23 17:40,DMB인터페이스,DMB,재난위험,대전광역시
1450,2020-02-23 17:37,DMB인터페이스,DMB,재난위험,대전광역시
1451,2020-02-23 17:33,DMB인터페이스,DMB,재난위험,안산시
1452,2020-02-23 17:29,DMB인터페이스,DMB,재난위험,영동군
1453,2020-02-23 17:24,DMB인터페이스,DMB,재난위험,파주시
1454,2020-02-23 17:14,DMB인터페이스,DMB,재난위험,창원시
1455,2020-02-23 16:53,DMB인터페이스,DMB,재난위험,전라북도
1456,2020-02-23 16:50,DMB인터페이스,DMB,재난위험,부천시
1457,2020-02-23 16:40,DMB인터페이스,DMB,재난위험,횡성군
1458,2020-02-23 16:00,DMB인터페이스,DMB,재난위험,경상북도
1459,2020-02-23 15:57,DMB인터페이스,DMB,재난위험,강릉시
1460,2020-02-23 15:50,DMB인터페이스,DMB,재난위험,거창군
1461,2020-02-23 15:42,DMB인터페이스,DMB,재난위험,남구
1462,2020-02-23 15:36,DMB인터페이스,DMB,재난위험,상주시
1463,2020-02-23 15:33,DMB인터페이스,DMB,재난위험,제주특별자치도
1464,2020-02-23 15:21,DMB인터페이스,DMB,재난위험,대전광역시
1465,2020-02-23 15:13,DMB인터페이스,DMB,재난위험,안동시
1466,2020-02-23 15:12,DMB인터페이스,DMB,재난위험,속초시
1467,2020-02-23 15:11,DMB인터페이스,DMB,재난위험,계룡시
1468,2020-02-23 15:10,DMB인터페이스,DMB,재난위험,진안군
1469,2020-02-23 15:05,DMB인터페이스,DMB,재난위험,광양시
1470,2020-02-23 15:03,DMB인터페이스,DMB,재난위험,제주특별자치도
1471,2020-02-23 14:44,DMB인터페이스,DMB,재난위험,금정구
1472,2020-02-23 14:37,DMB인터페이스,DMB,재난위험,영주시
1473,2020-02-23 14:36,DMB인터페이스,DMB,재난위험,김포시
1474,2020-02-23 14:24,DMB인터페이스,DMB,재난위험,군위군
1475,2020-02-23 14:23,DMB인터페이스,DMB,재난위험,군위군
1476,2020-02-23 14:22,DMB인터페이스,DMB,재난위험,금정구
1477,2020-02-23 14:21,DMB인터페이스,DMB,재난위험,금정구
1478,2020-02-23 14:21,DMB인터페이스,DMB,재난위험,금정구
1479,2020-02-23 14:21,DMB인터페이스,DMB,재난위험,금정구
1480,2020-02-23 14:21,DMB인터페이스,DMB,재난위험,시흥시
1481,2020-02-23 14:20,DMB인터페이스,DMB,재난위험,영주시
1482,2020-02-23 14:19,DMB인터페이스,DMB,재난위험,김천시
1483,2020-02-23 14:17,DMB인터페이스,DMB,재난위험,순천시
1484,2020-02-23 14:17,DMB인터페이스,DMB,재난위험,영덕군
1485,2020-02-23 14:14,DMB인터페이스,DMB,재난위험,서구
1486,2020-02-23 14:09,DMB인터페이스,DMB,재난위험,예천군
1487,2020-02-23 14:02,DMB인터페이스,DMB,재난위험,충청북도
1488,2020-02-23 13:52,DMB인터페이스,DMB,재난위험,의성군
1489,2020-02-23 13:52,DMB인터페이스,DMB,재난위험,의성군
1490,2020-02-23 13:51,DMB인터페이스,DMB,재난위험,의성군
1491,2020-02-23 13:51,DMB인터페이스,DMB,재난위험,의성군
1492,2020-02-23 13:51,DMB인터페이스,DMB,재난위험,경상남도
1493,2020-02-23 13:51,DMB인터페이스,DMB,재난위험,의성군
1494,2020-02-23 13:51,DMB인터페이스,DMB,재난위험,의성군
1495,2020-02-23 13:50,DMB인터페이스,DMB,재난위험,의성군
1496,2020-02-23 13:49,DMB인터페이스,DMB,재난위험,의성군
1497,2020-02-23 13:48,DMB인터페이스,DMB,재난위험,의성군
1498,2020-02-23 13:48,DMB인터페이스,DMB,재난위험,의성군
1499,2020-02-23 13:42,DMB인터페이스,DMB,재난위험,인천광역시
1500,2020-02-23 13:36,DMB인터페이스,DMB,재난위험,예천군
1501,2020-02-23 13:31,DMB인터페이스,DMB,재난위험,인제군
1502,2020-02-23 13:28,DMB인터페이스,DMB,재난위험,양산시
1503,2020-02-23 13:24,DMB인터페이스,DMB,재난위험,하동군
1504,2020-02-23 13:14,DMB인터페이스,DMB,재난위험,전주시
1505,2020-02-23 13:14,DMB인터페이스,DMB,재난위험,전주시
1506,2020-02-23 13:13,DMB인터페이스,DMB,재난위험,전주시
1507,2020-02-23 13:10,DMB인터페이스,DMB,재난위험,"목포시,여수시,나주시,광양시,담양군,고흥군,보성군,화순군,장흥군,강진군,해남군,영암군,무안군,함평군,장성군,완도군,진도군,신안군,순천시"
1508,2020-02-23 13:08,DMB인터페이스,DMB,재난위험,남구
1509,2020-02-23 13:07,DMB인터페이스,DMB,재난위험,부천시
1510,2020-02-23 13:03,DMB인터페이스,DMB,재난위험,구미시
1511,2020-02-23 12:58,DMB인터페이스,DMB,재난위험,부안군
1512,2020-02-23 12:51,DMB인터페이스,DMB,재난위험,구미시
1513,2020-02-23 12:46,DMB인터페이스,DMB,재난위험,구미시
1514,2020-02-23 12:42,DMB인터페이스,DMB,재난위험,문경시
1515,2020-02-23 12:28,DMB인터페이스,DMB,재난위험,임실군
1516,2020-02-23 12:25,DMB인터페이스,DMB,재난위험,구미시
1517,2020-02-23 12:24,DMB인터페이스,DMB,재난위험,대구광역시
1518,2020-02-23 12:21,DMB인터페이스,DMB,재난위험,북구
1519,2020-02-23 12:12,DMB인터페이스,DMB,재난위험,영주시
1520,2020-02-23 12:12,DMB인터페이스,DMB,재난위험,연제구
1521,2020-02-23 12:11,DMB인터페이스,DMB,재난위험,연제구
1522,2020-02-23 12:11,DMB인터페이스,DMB,재난위험,연제구
1523,2020-02-23 12:11,DMB인터페이스,DMB,재난위험,포항시
1524,2020-02-23 12:04,DMB인터페이스,DMB,재난위험,창원시
1525,2020-02-23 12:01,DMB인터페이스,DMB,재난위험,영천시
1526,2020-02-23 12:01,DMB인터페이스,DMB,재난위험,영천시
1527,2020-02-23 12:00,DMB인터페이스,DMB,재난위험,영천시
1528,2020-02-23 11:59,DMB인터페이스,DMB,재난위험,영천시
1529,2020-02-23 11:58,DMB인터페이스,DMB,재난위험,영천시
1530,2020-02-23 11:57,DMB인터페이스,DMB,재난위험,영천시
1531,2020-02-23 11:51,DMB인터페이스,DMB,재난위험,통영시
1532,2020-02-23 11:51,DMB인터페이스,DMB,재난위험,청도군
1533,2020-02-23 11:42,DMB인터페이스,DMB,재난위험,영덕군
1534,2020-02-23 11:36,DMB인터페이스,DMB,재난위험,계양구
1535,2020-02-23 11:36,DMB인터페이스,DMB,재난위험,계양구
1536,2020-02-23 11:04,DMB인터페이스,DMB,재난위험,구례군
1537,2020-02-23 11:03,DMB인터페이스,DMB,재난위험,양산시
1538,2020-02-23 11:02,DMB인터페이스,DMB,재난위험,양산시
1539,2020-02-23 11:01,DMB인터페이스,DMB,재난위험,금정구
1540,2020-02-23 10:57,DMB인터페이스,DMB,재난위험,산청군
1541,2020-02-23 10:50,DMB인터페이스,DMB,재난위험,동래구
1542,2020-02-23 10:49,DMB인터페이스,DMB,재난위험,평창군
1543,2020-02-23 10:48,DMB인터페이스,DMB,재난위험,경상남도
1544,2020-02-23 10:39,DMB인터페이스,DMB,재난위험,상주시
1545,2020-02-23 10:33,DMB인터페이스,DMB,재난위험,해운대구
1546,2020-02-23 10:26,DMB인터페이스,DMB,재난위험,해운대구
1547,2020-02-23 10:25,DMB인터페이스,DMB,재난위험,부산광역시
1548,2020-02-23 10:21,DMB인터페이스,DMB,재난위험,해운대구
1549,2020-02-23 10:20,DMB인터페이스,DMB,재난위험,해운대구
1550,2020-02-23 10:19,DMB인터페이스,DMB,재난위험,해운대구
1551,2020-02-23 10:16,DMB인터페이스,DMB,재난위험,해운대구
1552,2020-02-23 10:15,DMB인터페이스,DMB,재난위험,금정구
1553,2020-02-23 10:14,DMB인터페이스,DMB,재난위험,문경시
1554,2020-02-23 10:13,DMB인터페이스,DMB,재난위험,문경시
1555,2020-02-23 10:10,DMB인터페이스,DMB,재난위험,군위군
1556,2020-02-23 10:08,DMB인터페이스,DMB,재난위험,예천군
1557,2020-02-23 10:08,DMB인터페이스,DMB,재난위험,해운대구
1558,2020-02-23 10:08,DMB인터페이스,DMB,재난위험,금정구
1559,2020-02-23 10:05,DMB인터페이스,DMB,재난위험,해운대구
1560,2020-02-23 10:03,DMB인터페이스,DMB,재난위험,해운대구
1561,2020-02-23 10:01,DMB인터페이스,DMB,재난위험,해운대구
1562,2020-02-23 9:58,DMB인터페이스,DMB,재난위험,경상북도
1563,2020-02-23 9:57,DMB인터페이스,DMB,재난위험,해운대구
1564,2020-02-23 9:48,DMB인터페이스,DMB,재난위험,해운대구
1565,2020-02-23 9:46,DMB인터페이스,DMB,재난위험,해운대구
1566,2020-02-23 9:44,DMB인터페이스,DMB,재난위험,곡성군
1567,2020-02-23 9:41,DMB인터페이스,DMB,재난위험,상주시
1568,2020-02-23 9:39,DMB인터페이스,DMB,재난위험,영광군
1569,2020-02-23 9:26,DMB인터페이스,DMB,재난위험,군산시
1570,2020-02-23 9:04,DMB인터페이스,DMB,재난위험,울산광역시
1571,2020-02-23 8:00,DMB인터페이스,DMB,재난위험,강릉시
1572,2020-02-22 22:37,DMB인터페이스,DMB,재난위험,부평구
1573,2020-02-22 22:19,DMB인터페이스,DMB,재난위험,포항시
1574,2020-02-22 22:15,DMB인터페이스,DMB,재난위험,포항시
1575,2020-02-22 22:13,DMB인터페이스,DMB,재난위험,포항시
1576,2020-02-22 22:12,DMB인터페이스,DMB,재난위험,포항시
1577,2020-02-22 22:11,DMB인터페이스,DMB,재난위험,포항시
1578,2020-02-22 22:11,DMB인터페이스,DMB,재난위험,포항시
1579,2020-02-22 21:18,DMB인터페이스,DMB,재난위험,대전광역시
1580,2020-02-22 21:16,DMB인터페이스,DMB,재난위험,의성군
1581,2020-02-22 21:10,DMB인터페이스,DMB,재난위험,대전광역시
1582,2020-02-22 21:08,DMB인터페이스,DMB,재난위험,대전광역시
1583,2020-02-22 21:07,DMB인터페이스,DMB,재난위험,대전광역시
1584,2020-02-22 21:06,DMB인터페이스,DMB,재난위험,대전광역시
1585,2020-02-22 21:05,DMB인터페이스,DMB,재난위험,대전광역시
1586,2020-02-22 21:00,DMB인터페이스,DMB,재난위험,의성군
1587,2020-02-22 20:46,DMB인터페이스,DMB,재난위험,동해시
1588,2020-02-22 19:35,DMB인터페이스,DMB,재난위험,경주시
1589,2020-02-22 19:15,DMB인터페이스,DMB,재난위험,문경시
1590,2020-02-22 19:13,DMB인터페이스,DMB,재난위험,문경시
1591,2020-02-22 19:10,DMB인터페이스,DMB,재난위험,대전광역시
1592,2020-02-22 18:57,DMB인터페이스,DMB,재난위험,이천시
1593,2020-02-22 18:55,DMB인터페이스,DMB,재난위험,장수군
1594,2020-02-22 18:53,DMB인터페이스,DMB,재난위험,안동시
1595,2020-02-22 18:29,DMB인터페이스,DMB,재난위험,전라남도
1596,2020-02-22 18:19,DMB인터페이스,DMB,재난위험,동구
1597,2020-02-22 18:17,DMB인터페이스,DMB,재난위험,동구
1598,2020-02-22 18:09,DMB인터페이스,DMB,재난위험,부평구
1599,2020-02-22 18:09,DMB인터페이스,DMB,재난위험,울진군
1600,2020-02-22 17:51,DMB인터페이스,DMB,재난위험,영천시
1601,2020-02-22 17:47,DMB인터페이스,DMB,재난위험,서구
1602,2020-02-22 17:31,DMB인터페이스,DMB,재난위험,군위군
1603,2020-02-22 17:24,DMB인터페이스,DMB,재난위험,과천시
1604,2020-02-22 17:23,DMB인터페이스,DMB,재난위험,예천군
1605,2020-02-22 17:22,DMB인터페이스,DMB,재난위험,과천시
1606,2020-02-22 16:42,DMB인터페이스,DMB,재난위험,김제시
1607,2020-02-22 16:42,DMB인터페이스,DMB,재난위험,장수군
1608,2020-02-22 16:39,DMB인터페이스,DMB,재난위험,안성시
1609,2020-02-22 16:28,DMB인터페이스,DMB,재난위험,아산시
1610,2020-02-22 16:22,DMB인터페이스,DMB,재난위험,영주시
1611,2020-02-22 16:15,DMB인터페이스,DMB,재난위험,구미시
1612,2020-02-22 16:07,DMB인터페이스,DMB,재난위험,상주시
1613,2020-02-22 16:06,DMB인터페이스,DMB,재난위험,영덕군
1614,2020-02-22 15:56,DMB인터페이스,DMB,재난위험,원주시
1615,2020-02-22 15:54,DMB인터페이스,DMB,재난위험,영덕군
1616,2020-02-22 15:42,DMB인터페이스,DMB,재난위험,인천광역시
1617,2020-02-22 15:12,DMB인터페이스,DMB,재난위험,안양시
1618,2020-02-22 14:48,DMB인터페이스,DMB,재난위험,정읍시
1619,2020-02-22 14:47,DMB인터페이스,DMB,재난위험,울산광역시
1620,2020-02-22 14:33,DMB인터페이스,DMB,재난위험,예천군
1621,2020-02-22 14:32,DMB인터페이스,DMB,재난위험,예천군
1622,2020-02-22 14:29,DMB인터페이스,DMB,재난위험,동해시
1623,2020-02-22 14:12,DMB인터페이스,DMB,재난위험,장수군
1624,2020-02-22 14:11,DMB인터페이스,DMB,재난위험,장수군
1625,2020-02-22 14:10,DMB인터페이스,DMB,재난위험,속초시
1626,2020-02-22 14:08,DMB인터페이스,DMB,재난위험,영동군
1627,2020-02-22 13:58,DMB인터페이스,DMB,재난위험,해남군
1628,2020-02-22 13:55,DMB인터페이스,DMB,재난위험,영주시
1629,2020-02-22 13:55,DMB인터페이스,DMB,재난위험,당진군
1630,2020-02-22 13:54,DMB인터페이스,DMB,재난위험,강진군
1631,2020-02-22 13:51,DMB인터페이스,DMB,재난위험,전라북도
1632,2020-02-22 13:45,DMB인터페이스,DMB,재난위험,보성군
1633,2020-02-22 13:32,DMB인터페이스,DMB,재난위험,장흥군
1634,2020-02-22 13:19,DMB인터페이스,DMB,재난위험,영양군
1635,2020-02-22 13:14,DMB인터페이스,DMB,재난위험,안동시
1636,2020-02-22 13:12,DMB인터페이스,DMB,재난위험,안동시
1637,2020-02-22 13:11,DMB인터페이스,DMB,재난위험,안동시
1638,2020-02-22 13:11,DMB인터페이스,DMB,재난위험,평택시
1639,2020-02-22 13:09,DMB인터페이스,DMB,재난위험,안동시
1640,2020-02-22 13:00,DMB인터페이스,DMB,재난위험,순천시
1641,2020-02-22 12:55,DMB인터페이스,DMB,재난위험,속초시
1642,2020-02-22 12:51,DMB인터페이스,DMB,재난위험,삼척시
1643,2020-02-22 12:44,DMB인터페이스,DMB,재난위험,춘천시
1644,2020-02-22 12:43,DMB인터페이스,DMB,재난위험,김천시
1645,2020-02-22 12:40,DMB인터페이스,DMB,재난위험,양양군
1646,2020-02-22 12:30,DMB인터페이스,DMB,재난위험,용인시
1647,2020-02-22 12:29,DMB인터페이스,DMB,재난위험,울진군
1648,2020-02-22 12:13,DMB인터페이스,DMB,재난위험,청도군
1649,2020-02-22 12:13,DMB인터페이스,DMB,재난위험,고성군
1650,2020-02-22 12:10,DMB인터페이스,DMB,재난위험,영주시
1651,2020-02-22 12:03,DMB인터페이스,DMB,재난위험,곡성군
1652,2020-02-22 11:57,DMB인터페이스,DMB,재난위험,문경시
1653,2020-02-22 11:56,DMB인터페이스,DMB,재난위험,충청북도
1654,2020-02-22 11:55,DMB인터페이스,DMB,재난위험,봉화군
1655,2020-02-22 11:54,DMB인터페이스,DMB,재난위험,세종특별자치시
1656,2020-02-22 11:43,DMB인터페이스,DMB,재난위험,부산광역시
1657,2020-02-22 11:41,DMB인터페이스,DMB,재난위험,화성시
1658,2020-02-22 11:41,DMB인터페이스,DMB,재난위험,해운대구
1659,2020-02-22 11:39,DMB인터페이스,DMB,재난위험,충청북도
1660,2020-02-22 11:38,DMB인터페이스,DMB,재난위험,강릉시
1661,2020-02-22 11:37,DMB인터페이스,DMB,재난위험,해운대구
1662,2020-02-22 11:36,DMB인터페이스,DMB,재난위험,대전광역시
1663,2020-02-22 11:35,DMB인터페이스,DMB,재난위험,예천군
1664,2020-02-22 11:34,DMB인터페이스,DMB,재난위험,동래구
1665,2020-02-22 11:30,DMB인터페이스,DMB,재난위험,강원도
1666,2020-02-22 11:30,DMB인터페이스,DMB,재난위험,경상북도
1667,2020-02-22 11:29,DMB인터페이스,DMB,재난위험,강화군
1668,2020-02-22 11:29,DMB인터페이스,DMB,재난위험,해운대구
1669,2020-02-22 11:28,DMB인터페이스,DMB,재난위험,인천광역시
1670,2020-02-22 11:24,DMB인터페이스,DMB,재난위험,해운대구
1671,2020-02-22 11:23,DMB인터페이스,DMB,재난위험,구례군
1672,2020-02-22 11:23,DMB인터페이스,DMB,재난위험,영주시
1673,2020-02-22 11:17,DMB인터페이스,DMB,재난위험,해운대구
1674,2020-02-22 11:16,DMB인터페이스,DMB,재난위험,강화군
1675,2020-02-22 11:14,DMB인터페이스,DMB,재난위험,옥천군
1676,2020-02-22 11:14,DMB인터페이스,DMB,재난위험,해운대구
1677,2020-02-22 11:13,DMB인터페이스,DMB,재난위험,구미시
1678,2020-02-22 11:13,DMB인터페이스,DMB,재난위험,강원도
1679,2020-02-22 11:09,DMB인터페이스,DMB,재난위험,영천시
1680,2020-02-22 11:07,DMB인터페이스,DMB,재난위험,영주시
1681,2020-02-22 10:56,DMB인터페이스,DMB,재난위험,안동시
1682,2020-02-22 10:43,DMB인터페이스,DMB,재난위험,의성군
1683,2020-02-22 10:37,DMB인터페이스,DMB,재난위험,정읍시
1684,2020-02-22 10:31,DMB인터페이스,DMB,재난위험,제주특별자치도
1685,2020-02-22 10:30,DMB인터페이스,DMB,재난위험,부산광역시
1686,2020-02-22 10:21,DMB인터페이스,DMB,재난위험,담양군
1687,2020-02-22 10:05,DMB인터페이스,DMB,재난위험,진안군
1688,2020-02-22 9:05,DMB인터페이스,DMB,재난위험,부안군
1689,2020-02-22 8:43,DMB인터페이스,DMB,재난위험,부산광역시
1690,2020-02-22 8:40,DMB인터페이스,DMB,재난위험,수원시
1691,2020-02-22 8:39,DMB인터페이스,DMB,재난위험,부산광역시
1692,2020-02-22 8:39,DMB인터페이스,DMB,재난위험,부산광역시
1693,2020-02-22 8:36,DMB인터페이스,DMB,재난위험,부산광역시
1694,2020-02-22 8:35,DMB인터페이스,DMB,재난위험,부산광역시
1695,2020-02-22 8:33,DMB인터페이스,DMB,재난위험,부산광역시
1696,2020-02-22 8:33,DMB인터페이스,DMB,재난위험,부산광역시
1697,2020-02-22 8:30,DMB인터페이스,DMB,재난위험,부산광역시
1698,2020-02-22 8:24,DMB인터페이스,DMB,재난위험,부산광역시
1699,2020-02-21 22:50,DMB인터페이스,DMB,재난위험,중구
1700,2020-02-21 22:43,DMB인터페이스,DMB,재난위험,부산광역시
1701,2020-02-21 22:12,DMB인터페이스,DMB,재난위험,부산진구
1702,2020-02-21 21:38,DMB인터페이스,DMB,재난위험,동래구
1703,2020-02-21 21:21,DMB인터페이스,DMB,재난위험,해운대구
1704,2020-02-21 20:14,DMB인터페이스,DMB,재난위험,인제군
1705,2020-02-21 19:09,DMB인터페이스,DMB,재난위험,양구군
1706,2020-02-21 19:01,DMB인터페이스,DMB,재난위험,완주군
1707,2020-02-21 19:00,DMB인터페이스,DMB,재난위험,전주시
1708,2020-02-21 18:59,DMB인터페이스,DMB,재난위험,전주시
1709,2020-02-21 18:46,DMB인터페이스,DMB,재난위험,제천시
1710,2020-02-21 18:34,DMB인터페이스,DMB,재난위험,영주시
1711,2020-02-21 18:27,DMB인터페이스,DMB,재난위험,울진군
1712,2020-02-21 18:25,DMB인터페이스,DMB,재난위험,완주군
1713,2020-02-21 18:19,DMB인터페이스,DMB,재난위험,완주군
1714,2020-02-21 18:15,DMB인터페이스,DMB,재난위험,완주군
1715,2020-02-21 18:00,DMB인터페이스,DMB,재난위험,제주특별자치도
1716,2020-02-21 17:42,DMB인터페이스,DMB,재난위험,철원군
1717,2020-02-21 17:42,DMB인터페이스,DMB,재난위험,곡성군
1718,2020-02-21 17:21,DMB인터페이스,DMB,재난위험,부안군
1719,2020-02-21 17:11,DMB인터페이스,DMB,재난위험,수성구
1720,2020-02-21 17:11,DMB인터페이스,DMB,재난위험,장흥군
1721,2020-02-21 17:03,DMB인터페이스,DMB,재난위험,영천시
1722,2020-02-21 16:49,DMB인터페이스,DMB,재난위험,예천군
1723,2020-02-21 16:47,DMB인터페이스,DMB,재난위험,상주시
1724,2020-02-21 16:41,DMB인터페이스,DMB,재난위험,전주시
1725,2020-02-21 16:37,DMB인터페이스,DMB,재난위험,전주시
1726,2020-02-21 16:28,DMB인터페이스,DMB,재난위험,영월군
1727,2020-02-21 16:22,DMB인터페이스,DMB,재난위험,정읍시
1728,2020-02-21 16:22,DMB인터페이스,DMB,재난위험,김해시
1729,2020-02-21 16:03,DMB인터페이스,DMB,재난위험,의성군
1730,2020-02-21 16:01,DMB인터페이스,DMB,재난위험,고흥군
1731,2020-02-21 15:53,DMB인터페이스,DMB,재난위험,전주시
1732,2020-02-21 15:37,DMB인터페이스,DMB,재난위험,부산광역시
1733,2020-02-21 15:21,DMB인터페이스,DMB,재난위험,완주군
1734,2020-02-21 15:19,DMB인터페이스,DMB,재난위험,전주시
1735,2020-02-21 15:19,DMB인터페이스,DMB,재난위험,전주시
1736,2020-02-21 15:09,DMB인터페이스,DMB,재난위험,구미시
1737,2020-02-21 15:07,DMB인터페이스,DMB,재난위험,성주군
1738,2020-02-21 15:06,DMB인터페이스,DMB,재난위험,보성군
1739,2020-02-21 14:50,DMB인터페이스,DMB,재난위험,익산시
1740,2020-02-21 14:42,DMB인터페이스,DMB,재난위험,김천시
1741,2020-02-21 14:09,DMB인터페이스,DMB,재난위험,전라북도
1742,2020-02-21 14:09,DMB인터페이스,DMB,재난위험,달성군
1743,2020-02-21 14:05,DMB인터페이스,DMB,재난위험,영동군
1744,2020-02-21 14:01,DMB인터페이스,DMB,재난위험,순천시
1745,2020-02-21 13:41,DMB인터페이스,DMB,재난위험,수원시
1746,2020-02-21 13:37,DMB인터페이스,DMB,재난위험,부안군
1747,2020-02-21 13:31,DMB인터페이스,DMB,재난위험,대전광역시
1748,2020-02-21 13:25,DMB인터페이스,DMB,재난위험,연제구
1749,2020-02-21 13:17,DMB인터페이스,DMB,재난위험,영천시
1750,2020-02-21 13:15,DMB인터페이스,DMB,재난위험,구례군
1751,2020-02-21 13:13,DMB인터페이스,DMB,재난위험,군위군
1752,2020-02-21 13:06,DMB인터페이스,DMB,재난위험,김포시
1753,2020-02-21 13:03,DMB인터페이스,DMB,재난위험,대구광역시
1754,2020-02-21 12:43,DMB인터페이스,DMB,재난위험,무주군
1755,2020-02-21 12:34,DMB인터페이스,DMB,재난위험,봉화군
1756,2020-02-21 12:02,DMB인터페이스,DMB,재난위험,중구
1757,2020-02-21 11:56,DMB인터페이스,DMB,재난위험,함안군
1758,2020-02-21 11:56,DMB인터페이스,DMB,재난위험,영양군
1759,2020-02-21 11:51,DMB인터페이스,DMB,재난위험,진주시
1760,2020-02-21 11:47,DMB인터페이스,DMB,재난위험,경산시
1761,2020-02-21 11:46,DMB인터페이스,DMB,재난위험,임실군
1762,2020-02-21 11:41,DMB인터페이스,DMB,재난위험,옥천군
1763,2020-02-21 11:41,DMB인터페이스,DMB,재난위험,인천광역시
1764,2020-02-21 11:38,DMB인터페이스,DMB,재난위험,연제구
1765,2020-02-21 11:36,DMB인터페이스,DMB,재난위험,충청북도
1766,2020-02-21 11:33,DMB인터페이스,DMB,재난위험,고양시
1767,2020-02-21 11:32,DMB인터페이스,DMB,재난위험,신안군
1768,2020-02-21 11:21,DMB인터페이스,DMB,재난위험,장성군
1769,2020-02-21 11:13,DMB인터페이스,DMB,재난위험,울산광역시
1770,2020-02-21 11:09,DMB인터페이스,DMB,재난위험,완주군
1771,2020-02-21 11:06,DMB인터페이스,DMB,재난위험,경기도
1772,2020-02-21 10:58,DMB인터페이스,DMB,재난위험,장수군
1773,2020-02-21 10:52,DMB인터페이스,DMB,재난위험,순창군
1774,2020-02-21 10:48,DMB인터페이스,DMB,재난위험,영광군
1775,2020-02-21 10:43,DMB인터페이스,DMB,재난위험,구미시
1776,2020-02-21 10:42,DMB인터페이스,DMB,재난위험,진안군
1777,2020-02-21 10:29,DMB인터페이스,DMB,재난위험,강화군
1778,2020-02-21 10:19,DMB인터페이스,DMB,재난위험,산청군
1779,2020-02-21 10:17,DMB인터페이스,DMB,재난위험,담양군
1780,2020-02-21 10:15,DMB인터페이스,DMB,재난위험,영주시
1781,2020-02-21 10:11,DMB인터페이스,DMB,재난위험,해남군
1782,2020-02-21 10:11,DMB인터페이스,DMB,재난위험,경상남도
1783,2020-02-21 10:05,DMB인터페이스,DMB,재난위험,충청남도
1784,2020-02-21 9:44,DMB인터페이스,DMB,재난위험,여수시
1785,2020-02-21 9:19,DMB인터페이스,DMB,재난위험,남구
1786,2020-02-21 8:52,DMB인터페이스,DMB,재난위험,진도군
1787,2020-02-21 8:08,DMB인터페이스,DMB,재난위험,안동시
1788,2020-02-21 8:01,DMB인터페이스,DMB,재난위험,광양시
1789,2020-02-21 7:00,DMB인터페이스,DMB,재난위험,제주특별자치도
1790,2020-02-20 23:23,DMB인터페이스,DMB,재난위험,전주시
1791,2020-02-20 23:19,DMB인터페이스,DMB,재난위험,전주시
1792,2020-02-20 21:00,DMB인터페이스,DMB,재난위험,전주시
1793,2020-02-20 20:18,DMB인터페이스,DMB,재난위험,전주시
1794,2020-02-20 20:13,DMB인터페이스,DMB,재난위험,전주시
1795,2020-02-20 19:49,DMB인터페이스,DMB,재난위험,김제시
1796,2020-02-20 18:29,DMB인터페이스,DMB,재난위험,구미시
1797,2020-02-20 18:27,DMB인터페이스,DMB,재난위험,울진군
1798,2020-02-20 17:54,DMB인터페이스,DMB,재난위험,북구
1799,2020-02-20 17:20,DMB인터페이스,DMB,재난위험,서구
1800,2020-02-20 15:56,DMB인터페이스,DMB,재난위험,영천시
1801,2020-02-20 15:25,DMB인터페이스,DMB,재난위험,남해군
1802,2020-02-20 14:51,DMB인터페이스,DMB,재난위험,청도군
1803,2020-02-20 14:25,DMB인터페이스,DMB,재난위험,군산시
1804,2020-02-20 14:20,DMB인터페이스,DMB,재난위험,보은군
1805,2020-02-20 14:13,DMB인터페이스,DMB,재난위험,영동군
1806,2020-02-20 14:13,DMB인터페이스,DMB,재난위험,예천군
1807,2020-02-20 14:05,DMB인터페이스,DMB,재난위험,담양군
1808,2020-02-20 13:33,DMB인터페이스,DMB,재난위험,경산시
1809,2020-02-20 13:32,DMB인터페이스,DMB,재난위험,순창군
1810,2020-02-20 12:08,DMB인터페이스,DMB,재난위험,경주시
1811,2020-02-20 12:07,DMB인터페이스,DMB,재난위험,의성군
1812,2020-02-20 11:59,DMB인터페이스,DMB,재난위험,대구광역시
1813,2020-02-20 11:54,DMB인터페이스,DMB,재난위험,곡성군
1814,2020-02-20 11:53,DMB인터페이스,DMB,재난위험,구미시
1815,2020-02-20 11:13,DMB인터페이스,DMB,재난위험,세종특별자치시
1816,2020-02-20 11:05,DMB인터페이스,DMB,재난위험,구례군
1817,2020-02-20 11:01,DMB인터페이스,DMB,재난위험,김천시
1818,2020-02-20 10:41,DMB인터페이스,DMB,재난위험,충청남도
1819,2020-02-20 10:30,DMB인터페이스,DMB,재난위험,고령군
1820,2020-02-20 10:10,DMB인터페이스,DMB,재난위험,전라남도
1821,2020-02-20 10:05,DMB인터페이스,DMB,재난위험,제주특별자치도
1822,2020-02-20 9:07,DMB인터페이스,DMB,재난위험,의성군
1823,2020-02-20 9:01,DMB인터페이스,DMB,재난위험,상주시
1824,2020-02-19 20:55,DMB인터페이스,DMB,재난위험,경상남도
1825,2020-02-19 19:40,DMB인터페이스,DMB,재난위험,문경시
1826,2020-02-19 18:19,DMB인터페이스,DMB,재난위험,영덕군
1827,2020-02-19 18:14,DMB인터페이스,DMB,재난위험,고양시
1828,2020-02-19 18:14,DMB인터페이스,DMB,재난위험,경상북도
1829,2020-02-19 17:35,DMB인터페이스,DMB,재난위험,군위군
1830,2020-02-19 17:28,DMB인터페이스,DMB,재난위험,달서구
1831,2020-02-19 17:23,DMB인터페이스,DMB,재난위험,옥천군
1832,2020-02-19 15:11,DMB인터페이스,DMB,재난위험,구미시
1833,2020-02-19 14:55,DMB인터페이스,DMB,재난위험,인천광역시
1834,2020-02-19 14:27,DMB인터페이스,DMB,재난위험,대구광역시
1835,2020-02-19 14:06,DMB인터페이스,DMB,재난위험,칠곡군
1836,2020-02-19 13:57,DMB인터페이스,DMB,재난위험,울산광역시
1837,2020-02-19 13:57,DMB인터페이스,DMB,재난위험,영천시
1838,2020-02-19 11:49,DMB인터페이스,DMB,재난위험,거창군
1839,2020-02-19 11:37,DMB인터페이스,DMB,재난위험,거창군
1840,2020-02-19 11:37,DMB인터페이스,DMB,재난위험,강화군
1841,2020-02-19 11:32,DMB인터페이스,DMB,재난위험,김천시
1842,2020-02-19 11:08,DMB인터페이스,DMB,재난위험,대전광역시
1843,2020-02-19 10:00,DMB인터페이스,DMB,재난위험,제주특별자치도
1844,2020-02-18 18:49,DMB인터페이스,DMB,재난위험,경산시
1845,2020-02-18 16:34,DMB인터페이스,DMB,재난위험,"중구,서구,남구,북구,수성구,달서구,달성군"
1846,2020-02-18 16:08,DMB인터페이스,DMB,재난위험,광주광역시
1847,2020-02-18 14:07,DMB인터페이스,DMB,재난위험,장성군
1848,2020-02-18 11:35,DMB인터페이스,DMB,재난위험,세종특별자치시
1849,2020-02-18 10:17,DMB인터페이스,DMB,재난위험,전주시
1850,2020-02-18 10:06,DMB인터페이스,DMB,재난위험,광양시
1851,2020-02-18 10:00,DMB인터페이스,DMB,재난위험,제주특별자치도
1852,2020-02-17 21:58,DMB인터페이스,DMB,재난위험,남원시
1853,2020-02-17 18:40,DMB인터페이스,DMB,강풍 경보,제주특별자치도
1854,2020-02-17 14:39,DMB인터페이스,DMB,재난위험,정읍시
1855,2020-02-17 13:52,DMB인터페이스,DMB,교통 통제,남원시
1856,2020-02-17 13:35,DMB인터페이스,DMB,재난위험,부안군
1857,2020-02-17 13:15,DMB인터페이스,DMB,교통 통제,남원시
1858,2020-02-17 11:50,DMB인터페이스,DMB,대설 경보,임실군
1859,2020-02-17 11:00,DMB인터페이스,DMB,재난위험,전라남도
1860,2020-02-17 9:59,DMB인터페이스,DMB,재난위험,제주특별자치도
1861,2020-02-17 9:24,DMB인터페이스,DMB,대설 경보,포천시
1862,2020-02-17 9:11,DMB인터페이스,DMB,대설 경보,장흥군
1863,2020-02-17 6:36,DMB인터페이스,DMB,대설 경보,임실군
1864,2020-02-17 5:39,DMB인터페이스,DMB,대설 경보,"제주특별자치도,울릉군"
1865,2020-02-17 0:10,DMB인터페이스,DMB,대설 경보,진안군
1866,2020-02-16 21:56,DMB인터페이스,DMB,재난위험,거창군
1867,2020-02-16 20:02,DMB인터페이스,DMB,풍랑 경보,"제주시,서귀포시"
1868,2020-02-16 19:02,DMB인터페이스,DMB,풍랑 경보,"강릉시,동해시,속초시,삼척시,고성군,양양군"
1869,2020-02-16 17:35,DMB인터페이스,DMB,대설 경보,철원군
1870,2020-02-16 13:37,DMB인터페이스,DMB,재난위험,부안군
1871,2020-02-16 11:07,DMB인터페이스,DMB,재난위험,세종특별자치시
1872,2020-02-16 10:56,DMB인터페이스,DMB,풍랑 경보,"목포시,군산시,김제시,해남군,영암군,무안군,고창군,함평군,부안군,영광군,진도군,신안군"
1873,2020-02-16 10:30,DMB인터페이스,DMB,재난위험,아산시
1874,2020-02-16 10:01,DMB인터페이스,DMB,재난위험,제주특별자치도
1875,2020-02-16 9:08,DMB인터페이스,DMB,풍랑 경보,"제주시,서귀포시"
1876,2020-02-15 11:14,DMB인터페이스,DMB,재난위험,대전광역시
1877,2020-02-15 10:00,DMB인터페이스,DMB,재난위험,제주특별자치도
1878,2020-02-14 16:56,DMB인터페이스,DMB,재난위험,"서울특별시,인천광역시,경기도,세종특별자치시,충청남도"
1879,2020-02-14 15:00,DMB인터페이스,DMB,재난위험,충청남도
1880,2020-02-14 13:50,DMB인터페이스,DMB,재난위험,부안군
1881,2020-02-14 13:25,DMB인터페이스,DMB,재난위험,충청북도
1882,2020-02-14 11:26,DMB인터페이스,DMB,화재 경보,김해시
1883,2020-02-14 11:02,DMB인터페이스,DMB,재난위험,세종특별자치시
1884,2020-02-14 10:00,DMB인터페이스,DMB,재난위험,제주특별자치도
1885,2020-02-14 9:21,DMB인터페이스,DMB,재난위험,순창군
1886,2020-02-13 14:51,DMB인터페이스,DMB,재난위험,부안군
1887,2020-02-13 14:17,DMB인터페이스,DMB,재난위험,남원시
1888,2020-02-13 13:32,DMB인터페이스,DMB,재난위험,충청북도
1889,2020-02-13 10:12,DMB인터페이스,DMB,재난위험,대전광역시
1890,2020-02-13 10:06,DMB인터페이스,DMB,재난위험,순창군
1891,2020-02-13 10:00,DMB인터페이스,DMB,재난위험,전라남도
1892,2020-02-13 10:00,DMB인터페이스,DMB,재난위험,제주특별자치도
1893,2020-02-12 15:10,DMB인터페이스,DMB,재난위험,남원시
1894,2020-02-12 15:00,DMB인터페이스,DMB,재난위험,충청남도
1895,2020-02-12 13:54,DMB인터페이스,DMB,재난위험,진안군
1896,2020-02-12 13:30,DMB인터페이스,DMB,재난위험,부안군
1897,2020-02-12 11:00,DMB인터페이스,DMB,재난위험,세종특별자치시
1898,2020-02-12 10:04,DMB인터페이스,DMB,재난위험,순창군
1899,2020-02-12 10:01,DMB인터페이스,DMB,재난위험,제주특별자치도
1900,2020-02-12 10:00,DMB인터페이스,DMB,재난위험,전라남도
1901,2020-02-11 16:19,DMB인터페이스,DMB,재난위험,임실군
1902,2020-02-11 16:00,DMB인터페이스,DMB,재난위험,광주광역시
1903,2020-02-11 14:20,DMB인터페이스,DMB,재난위험,무주군
1904,2020-02-11 14:03,DMB인터페이스,DMB,재난위험,충청북도
1905,2020-02-11 13:39,DMB인터페이스,DMB,재난위험,강화군
1906,2020-02-11 12:26,DMB인터페이스,DMB,재난위험,시흥시
1907,2020-02-11 10:39,DMB인터페이스,DMB,재난위험,전라남도
1908,2020-02-11 10:25,DMB인터페이스,DMB,재난위험,순창군
1909,2020-02-11 10:12,DMB인터페이스,DMB,재난위험,전주시
1910,2020-02-11 10:02,DMB인터페이스,DMB,재난위험,제주특별자치도
1911,2020-02-11 10:00,DMB인터페이스,DMB,재난위험,대전광역시
1912,2020-02-11 9:18,DMB인터페이스,DMB,재난위험,남원시
1913,2020-02-10 23:21,DMB인터페이스,DMB,재난위험,부평구
1914,2020-02-10 18:07,DMB인터페이스,DMB,재난위험,장수군
1915,2020-02-10 17:17,DMB인터페이스,DMB,재난위험,"전라북도,제주특별자치도"
1916,2020-02-10 17:12,DMB인터페이스,DMB,재난위험,인천광역시
1917,2020-02-10 17:04,DMB인터페이스,DMB,재난위험,부평구
1918,2020-02-10 15:01,DMB인터페이스,DMB,재난위험,충청남도
1919,2020-02-10 14:26,DMB인터페이스,DMB,재난위험,전주시
1920,2020-02-10 13:41,DMB인터페이스,DMB,재난위험,정읍시
1921,2020-02-10 13:30,DMB인터페이스,DMB,재난위험,부안군
1922,2020-02-10 13:01,DMB인터페이스,DMB,재난위험,남원시
1923,2020-02-10 11:17,DMB인터페이스,DMB,재난위험,순창군
1924,2020-02-10 11:04,DMB인터페이스,DMB,재난위험,세종특별자치시
1925,2020-02-10 10:48,DMB인터페이스,DMB,재난위험,남동구
1926,2020-02-10 10:32,DMB인터페이스,DMB,재난위험,충청북도
1927,2020-02-10 10:10,DMB인터페이스,DMB,재난위험,익산시
1928,2020-02-10 10:04,DMB인터페이스,DMB,재난위험,전라남도
1929,2020-02-10 10:02,DMB인터페이스,DMB,재난위험,제주특별자치도
1930,2020-02-09 16:54,DMB인터페이스,DMB,재난위험,장흥군
1931,2020-02-09 15:46,DMB인터페이스,DMB,재난위험,익산시
1932,2020-02-09 15:12,DMB인터페이스,DMB,재난위험,연수구
1933,2020-02-09 15:00,DMB인터페이스,DMB,재난위험,"천안시,공주시,보령시,아산시,서산시,논산시,계룡시,금산군,부여군,서천군,청양군,예산군,태안군,홍성군"
1934,2020-02-09 13:48,DMB인터페이스,DMB,재난위험,부안군
1935,2020-02-09 12:27,DMB인터페이스,DMB,재난위험,인천광역시
1936,2020-02-09 11:47,DMB인터페이스,DMB,재난위험,시흥시
1937,2020-02-09 10:17,DMB인터페이스,DMB,재난위험,순창군
1938,2020-02-09 10:02,DMB인터페이스,DMB,재난위험,대전광역시
1939,2020-02-09 10:01,DMB인터페이스,DMB,재난위험,제주특별자치도
1940,2020-02-09 10:00,DMB인터페이스,DMB,재난위험,전라남도
1941,2020-02-08 20:33,DMB인터페이스,DMB,대설 경보,"동해시,삼척시"
1942,2020-02-08 18:51,DMB인터페이스,DMB,재난위험,계양구
1943,2020-02-08 15:07,DMB인터페이스,DMB,재난위험,"공주시,보령시,아산시,서산시,계룡시,부여군,청양군,예산군,태안군,당진군,홍성군"
1944,2020-02-08 14:44,DMB인터페이스,DMB,재난위험,서구
1945,2020-02-08 14:35,DMB인터페이스,DMB,재난위험,임실군
1946,2020-02-08 12:20,DMB인터페이스,DMB,재난위험,충청북도
1947,2020-02-08 10:59,DMB인터페이스,DMB,재난위험,세종특별자치시
1948,2020-02-08 10:03,DMB인터페이스,DMB,재난위험,전라남도
1949,2020-02-08 10:00,DMB인터페이스,DMB,재난위험,제주특별자치도
1950,2020-02-08 9:44,DMB인터페이스,DMB,재난위험,순창군
1951,2020-02-07 18:10,DMB인터페이스,DMB,재난위험,장수군
1952,2020-02-07 16:39,DMB인터페이스,DMB,재난위험,완주군
1953,2020-02-07 16:25,DMB인터페이스,DMB,재난위험,익산시
1954,2020-02-07 15:50,DMB인터페이스,DMB,재난위험,광주광역시
1955,2020-02-07 15:17,DMB인터페이스,DMB,재난위험,익산시
1956,2020-02-07 14:47,DMB인터페이스,DMB,재난위험,"동구,중구,서구,유성구"
1957,2020-02-07 14:37,DMB인터페이스,DMB,재난위험,군위군
1958,2020-02-07 14:12,DMB인터페이스,DMB,재난위험,충청북도
1959,2020-02-07 13:42,DMB인터페이스,DMB,재난위험,임실군
1960,2020-02-07 13:30,DMB인터페이스,DMB,재난위험,부안군
1961,2020-02-07 13:10,DMB인터페이스,DMB,재난위험,남원시
1962,2020-02-07 12:00,DMB인터페이스,DMB,재난위험,서구
1963,2020-02-07 11:53,DMB인터페이스,DMB,재난위험,순창군
1964,2020-02-07 11:43,DMB인터페이스,DMB,재난위험,아산시
1965,2020-02-07 11:29,DMB인터페이스,DMB,재난위험,대덕구
1966,2020-02-07 11:29,DMB인터페이스,DMB,재난위험,강화군
1967,2020-02-07 11:25,DMB인터페이스,DMB,재난위험,서구
1968,2020-02-07 10:11,DMB인터페이스,DMB,재난위험,남구
1969,2020-02-07 10:00,DMB인터페이스,DMB,재난위험,전라남도
1970,2020-02-07 9:48,DMB인터페이스,DMB,재난위험,전주시
1971,2020-02-07 9:00,DMB인터페이스,DMB,재난위험,충청남도
1972,2020-02-06 18:05,DMB인터페이스,DMB,재난위험,계양구
1973,2020-02-06 17:49,DMB인터페이스,DMB,재난위험,진안군
1974,2020-02-06 17:16,DMB인터페이스,DMB,재난위험,충청북도
1975,2020-02-06 17:05,DMB인터페이스,DMB,재난위험,완주군
1976,2020-02-06 16:31,DMB인터페이스,DMB,재난위험,옥천군
1977,2020-02-06 16:23,DMB인터페이스,DMB,재난위험,전라북도
1978,2020-02-06 15:22,DMB인터페이스,DMB,재난위험,정읍시
1979,2020-02-06 15:00,DMB인터페이스,DMB,재난위험,충청남도
1980,2020-02-06 13:34,DMB인터페이스,DMB,재난위험,횡성군
1981,2020-02-06 13:30,DMB인터페이스,DMB,재난위험,부안군
1982,2020-02-06 11:01,DMB인터페이스,DMB,재난위험,세종특별자치시
1983,2020-02-06 10:54,DMB인터페이스,DMB,재난위험,전주시
1984,2020-02-06 10:23,DMB인터페이스,DMB,재난위험,순창군
1985,2020-02-06 10:15,DMB인터페이스,DMB,재난위험,전라남도
1986,2020-02-06 9:36,DMB인터페이스,DMB,재난위험,충청남도
1987,2020-02-06 9:28,DMB인터페이스,DMB,재난위험,논산시
1988,2020-02-05 20:10,DMB인터페이스,DMB,재난위험,구리시
1989,2020-02-05 18:04,DMB인터페이스,DMB,재난위험,울산광역시
1990,2020-02-05 17:31,DMB인터페이스,DMB,재난위험,보성군
1991,2020-02-05 17:00,DMB인터페이스,DMB,재난위험,정선군
1992,2020-02-05 16:03,DMB인터페이스,DMB,재난위험,제주특별자치도
1993,2020-02-05 14:58,DMB인터페이스,DMB,재난위험,"천안시,공주시,보령시,아산시,서산시,계룡시,금산군,부여군,청양군,예산군,태안군,당진군,홍성군"
1994,2020-02-05 14:57,DMB인터페이스,DMB,대설 경보,울릉군
1995,2020-02-05 14:24,DMB인터페이스,DMB,재난위험,부안군
1996,2020-02-05 13:16,DMB인터페이스,DMB,재난위험,부안군
1997,2020-02-05 10:56,DMB인터페이스,DMB,재난위험,구리시
1998,2020-02-05 10:22,DMB인터페이스,DMB,재난위험,임실군
1999,2020-02-05 10:05,DMB인터페이스,DMB,재난위험,제주특별자치도
2000,2020-02-05 10:04,DMB인터페이스,DMB,재난위험,전라남도
2001,2020-02-05 9:36,DMB인터페이스,DMB,재난위험,원주시
2002,2020-02-05 9:33,DMB인터페이스,DMB,재난위험,순창군
2003,2020-02-05 9:02,DMB인터페이스,DMB,재난위험,충청남도
2004,2020-02-04 19:38,DMB인터페이스,DMB,재난위험,하동군
2005,2020-02-04 17:34,DMB인터페이스,DMB,재난위험,강화군
2006,2020-02-04 17:10,DMB인터페이스,DMB,재난위험,광주광역시
2007,2020-02-04 17:01,DMB인터페이스,DMB,한파 경보,"강릉시,동해시,태백시,속초시,삼척시,홍천군,평창군,정선군,철원군,양구군,인제군,고성군,양양군"
2008,2020-02-04 17:01,DMB인터페이스,DMB,재난위험,김제시
2009,2020-02-04 16:19,DMB인터페이스,DMB,재난위험,하동군
2010,2020-02-04 16:00,DMB인터페이스,DMB,재난위험,아산시
2011,2020-02-04 15:12,DMB인터페이스,DMB,재난위험,제주특별자치도
2012,2020-02-04 15:02,DMB인터페이스,DMB,재난위험,대구광역시
2013,2020-02-04 14:07,DMB인터페이스,DMB,재난위험,삼척시
2014,2020-02-04 13:37,DMB인터페이스,DMB,재난위험,남원시
2015,2020-02-04 13:31,DMB인터페이스,DMB,재난위험,부안군
2016,2020-02-04 12:02,DMB인터페이스,DMB,재난위험,보은군
2017,2020-02-04 11:34,DMB인터페이스,DMB,재난위험,음성군
2018,2020-02-04 11:23,DMB인터페이스,DMB,재난위험,전라남도
2019,2020-02-04 11:01,DMB인터페이스,DMB,재난위험,진천군
2020,2020-02-04 11:00,DMB인터페이스,DMB,재난위험,세종특별자치시
2021,2020-02-04 10:44,DMB인터페이스,DMB,재난위험,무주군
2022,2020-02-04 10:34,DMB인터페이스,DMB,재난위험,군산시
2023,2020-02-04 10:20,DMB인터페이스,DMB,재난위험,충청남도
2024,2020-02-04 9:56,DMB인터페이스,DMB,재난위험,제주특별자치도
2025,2020-02-04 9:46,DMB인터페이스,DMB,재난위험,군산시
2026,2020-02-04 9:36,DMB인터페이스,DMB,재난위험,순창군
2027,2020-02-04 9:07,DMB인터페이스,DMB,재난위험,해남군
2028,2020-02-03 18:45,DMB인터페이스,DMB,재난위험,강화군
2029,2020-02-03 18:29,DMB인터페이스,DMB,재난위험,고양시
2030,2020-02-03 18:00,DMB인터페이스,DMB,재난위험,강릉시
2031,2020-02-03 17:38,DMB인터페이스,DMB,재난위험,이천시
2032,2020-02-03 17:11,DMB인터페이스,DMB,재난위험,아산시
2033,2020-02-03 17:07,DMB인터페이스,DMB,재난위험,장흥군
2034,2020-02-03 16:27,DMB인터페이스,DMB,재난위험,충청북도
2035,2020-02-03 15:22,DMB인터페이스,DMB,재난위험,곡성군
2036,2020-02-03 15:00,DMB인터페이스,DMB,재난위험,군산시
2037,2020-02-03 14:37,DMB인터페이스,DMB,재난위험,정읍시
2038,2020-02-03 13:40,DMB인터페이스,DMB,재난위험,부안군
2039,2020-02-03 13:16,DMB인터페이스,DMB,재난위험,광주광역시
2040,2020-02-03 13:14,DMB인터페이스,DMB,재난위험,순창군
2041,2020-02-03 13:08,DMB인터페이스,DMB,재난위험,고흥군
2042,2020-02-03 11:41,DMB인터페이스,DMB,재난위험,전라남도
2043,2020-02-03 11:34,DMB인터페이스,DMB,재난위험,전라남도
2044,2020-02-03 11:30,DMB인터페이스,DMB,재난위험,임실군
2045,2020-02-03 11:07,DMB인터페이스,DMB,재난위험,대전광역시
2046,2020-02-03 10:32,DMB인터페이스,DMB,재난위험,군산시
2047,2020-02-03 10:21,DMB인터페이스,DMB,재난위험,강진군
2048,2020-02-03 10:08,DMB인터페이스,DMB,재난위험,구례군
2049,2020-02-03 10:00,DMB인터페이스,DMB,재난위험,제주특별자치도
2050,2020-02-03 9:22,DMB인터페이스,DMB,재난위험,충청남도
2051,2020-02-03 8:46,DMB인터페이스,DMB,재난위험,광주시
2052,2020-02-02 20:00,DMB인터페이스,DMB,재난위험,군산시
2053,2020-02-02 19:00,DMB인터페이스,DMB,재난위험,강릉시
2054,2020-02-02 18:31,DMB인터페이스,DMB,재난위험,강릉시
2055,2020-02-02 18:27,DMB인터페이스,DMB,재난위험,강릉시
2056,2020-02-02 16:40,DMB인터페이스,DMB,재난위험,순창군
2057,2020-02-02 16:34,DMB인터페이스,DMB,재난위험,안양시
2058,2020-02-02 16:31,DMB인터페이스,DMB,재난위험,무안군
2059,2020-02-02 15:51,DMB인터페이스,DMB,재난위험,충청북도
2060,2020-02-02 15:09,DMB인터페이스,DMB,재난위험,부안군
2061,2020-02-02 15:06,DMB인터페이스,DMB,재난위험,군산시
2062,2020-02-02 15:00,DMB인터페이스,DMB,재난위험,충청남도
2063,2020-02-02 14:31,DMB인터페이스,DMB,재난위험,장흥군
2064,2020-02-02 14:30,DMB인터페이스,DMB,재난위험,광양시
2065,2020-02-02 13:01,DMB인터페이스,DMB,재난위험,세종특별자치시
2066,2020-02-02 12:16,DMB인터페이스,DMB,재난위험,곡성군
2067,2020-02-02 12:06,DMB인터페이스,DMB,재난위험,남해군
2068,2020-02-02 12:03,DMB인터페이스,DMB,재난위험,평창군
2069,2020-02-02 11:34,DMB인터페이스,DMB,재난위험,대전광역시
2070,2020-02-02 11:08,DMB인터페이스,DMB,재난위험,안성시
2071,2020-02-02 10:55,DMB인터페이스,DMB,재난위험,여수시
2072,2020-02-02 10:43,DMB인터페이스,DMB,재난위험,제주특별자치도
2073,2020-02-02 10:34,DMB인터페이스,DMB,재난위험,진도군
2074,2020-02-02 10:18,DMB인터페이스,DMB,재난위험,해남군
2075,2020-02-02 10:03,DMB인터페이스,DMB,재난위험,구례군
2076,2020-02-02 9:46,DMB인터페이스,DMB,재난위험,강진군
2077,2020-02-02 9:00,DMB인터페이스,DMB,재난위험,충청남도
2078,2020-02-02 8:39,DMB인터페이스,DMB,재난위험,수원시
2079,2020-02-02 8:19,DMB인터페이스,DMB,재난위험,강릉시
2080,2020-02-01 19:59,DMB인터페이스,DMB,재난위험,강릉시
2081,2020-02-01 17:40,DMB인터페이스,DMB,재난위험,곡성군
2082,2020-02-01 17:02,DMB인터페이스,DMB,재난위험,충청남도
2083,2020-02-01 16:01,DMB인터페이스,DMB,재난위험,순천시
2084,2020-02-01 15:28,DMB인터페이스,DMB,재난위험,장수군
2085,2020-02-01 14:50,DMB인터페이스,DMB,재난위험,부천시
2086,2020-02-01 14:21,DMB인터페이스,DMB,재난위험,담양군
2087,2020-02-01 14:20,DMB인터페이스,DMB,재난위험,담양군
2088,2020-02-01 13:30,DMB인터페이스,DMB,재난위험,부안군
2089,2020-02-01 13:24,DMB인터페이스,DMB,재난위험,인천광역시
2090,2020-02-01 13:13,DMB인터페이스,DMB,재난위험,부안군
2091,2020-02-01 12:40,DMB인터페이스,DMB,재난위험,충청남도
2092,2020-02-01 12:01,DMB인터페이스,DMB,재난위험,해남군
2093,2020-02-01 11:49,DMB인터페이스,DMB,재난위험,남원시
2094,2020-02-01 11:30,DMB인터페이스,DMB,재난위험,용인시
2095,2020-02-01 10:57,DMB인터페이스,DMB,재난위험,시흥시
2096,2020-02-01 10:06,DMB인터페이스,DMB,재난위험,제주특별자치도
2097,2020-02-01 10:04,DMB인터페이스,DMB,재난위험,구례군
2098,2020-02-01 10:00,DMB인터페이스,DMB,재난위험,강진군
2099,2020-01-31 20:13,DMB인터페이스,DMB,재난위험,당진군
2100,2020-01-31 19:03,DMB인터페이스,DMB,재난위험,수원시
2101,2020-01-31 18:23,DMB인터페이스,DMB,재난위험,오산시
2102,2020-01-31 18:00,DMB인터페이스,DMB,재난위험,무안군
2103,2020-01-31 17:53,DMB인터페이스,DMB,재난위험,서구
2104,2020-01-31 17:50,DMB인터페이스,DMB,재난위험,장흥군
2105,2020-01-31 17:38,DMB인터페이스,DMB,재난위험,금정구
2106,2020-01-31 17:07,DMB인터페이스,DMB,재난위험,서울특별시
2107,2020-01-31 17:04,DMB인터페이스,DMB,재난위험,군산시
2108,2020-01-31 16:51,DMB인터페이스,DMB,재난위험,안산시
2109,2020-01-31 16:39,DMB인터페이스,DMB,재난위험,군산시
2110,2020-01-31 16:39,DMB인터페이스,DMB,재난위험,경상남도
2111,2020-01-31 16:35,DMB인터페이스,DMB,재난위험,군산시
2112,2020-01-31 16:08,DMB인터페이스,DMB,재난위험,과천시
2113,2020-01-31 16:03,DMB인터페이스,DMB,재난위험,화성시
2114,2020-01-31 15:05,DMB인터페이스,DMB,재난위험,강남구
2115,2020-01-31 14:30,DMB인터페이스,DMB,재난위험,강남구
2116,2020-01-31 13:54,DMB인터페이스,DMB,재난위험,충청남도
2117,2020-01-31 13:52,DMB인터페이스,DMB,재난위험,나주시
2118,2020-01-31 13:48,DMB인터페이스,DMB,재난위험,양평군
2119,2020-01-31 13:23,DMB인터페이스,DMB,재난위험,서구
2120,2020-01-31 13:13,DMB인터페이스,DMB,재난위험,여수시
2121,2020-01-31 11:10,DMB인터페이스,DMB,재난위험,철원군
2122,2020-01-31 11:07,DMB인터페이스,DMB,재난위험,북구
2123,2020-01-31 10:33,DMB인터페이스,DMB,재난위험,남원시
2124,2020-01-31 10:00,DMB인터페이스,DMB,재난위험,제주특별자치도
2125,2020-01-31 9:59,DMB인터페이스,DMB,재난위험,곡성군
2126,2020-01-31 9:59,DMB인터페이스,DMB,재난위험,강진군
2127,2020-01-31 9:03,DMB인터페이스,DMB,재난위험,구례군
2128,2020-01-30 18:25,DMB인터페이스,DMB,재난위험,안양시
2129,2020-01-30 17:14,DMB인터페이스,DMB,재난위험,완주군
2130,2020-01-30 16:57,DMB인터페이스,DMB,재난위험,이천시
2131,2020-01-30 16:42,DMB인터페이스,DMB,재난위험,철원군
2132,2020-01-30 16:20,DMB인터페이스,DMB,재난위험,장흥군
2133,2020-01-30 16:19,DMB인터페이스,DMB,재난위험,구례군
2134,2020-01-30 16:17,DMB인터페이스,DMB,재난위험,김제시
2135,2020-01-30 16:00,DMB인터페이스,DMB,재난위험,광주시
2136,2020-01-30 14:52,DMB인터페이스,DMB,재난위험,김제시
2137,2020-01-30 14:45,DMB인터페이스,DMB,재난위험,보성군
2138,2020-01-30 14:04,DMB인터페이스,DMB,재난위험,논산시
2139,2020-01-30 13:49,DMB인터페이스,DMB,재난위험,동두천시
2140,2020-01-30 13:47,DMB인터페이스,DMB,재난위험,청양군
2141,2020-01-30 13:16,DMB인터페이스,DMB,재난위험,홍성군
2142,2020-01-30 11:56,DMB인터페이스,DMB,재난위험,예산군
2143,2020-01-30 11:28,DMB인터페이스,DMB,재난위험,서산시
2144,2020-01-30 11:02,DMB인터페이스,DMB,재난위험,영광군
2145,2020-01-30 10:53,DMB인터페이스,DMB,재난위험,김해시
2146,2020-01-30 10:50,DMB인터페이스,DMB,재난위험,강진군
2147,2020-01-30 10:46,DMB인터페이스,DMB,재난위험,곡성군
2148,2020-01-30 10:01,DMB인터페이스,DMB,재난위험,순천시
2149,2020-01-30 10:00,DMB인터페이스,DMB,재난위험,제주특별자치도
2150,2020-01-30 9:49,DMB인터페이스,DMB,재난위험,송파구
2151,2020-01-30 9:41,DMB인터페이스,DMB,재난위험,보령시
2152,2020-01-30 9:25,DMB인터페이스,DMB,재난위험,남양주시
2153,2020-01-30 8:59,DMB인터페이스,DMB,풍랑 경보,"포항시,강릉시,경주시,동해시,속초시,삼척시,영덕군,고성군,양양군,울진군"
2154,2020-01-30 0:57,DMB인터페이스,DMB,지진통보,"충청북도,경상북도"
2155,2020-01-29 23:30,DMB인터페이스,DMB,대설 경보,제주특별자치도
2156,2020-01-29 19:30,DMB인터페이스,DMB,재난위험,포천시
2157,2020-01-29 18:31,DMB인터페이스,DMB,재난위험,연천군
2158,2020-01-29 17:08,DMB인터페이스,DMB,재난위험,당진군
2159,2020-01-29 16:33,DMB인터페이스,DMB,재난위험,창원시
2160,2020-01-29 15:05,DMB인터페이스,DMB,재난위험,장흥군
2161,2020-01-29 14:04,DMB인터페이스,DMB,재난위험,보성군
2162,2020-01-29 13:16,DMB인터페이스,DMB,재난위험,고흥군
2163,2020-01-29 11:08,DMB인터페이스,DMB,재난위험,완도군
2164,2020-01-29 10:03,DMB인터페이스,DMB,재난위험,제주특별자치도
2165,2020-01-29 9:41,DMB인터페이스,DMB,재난위험,순천시
2166,2020-01-29 9:09,DMB인터페이스,DMB,재난위험,안동시
2167,2020-01-28 18:55,DMB인터페이스,DMB,재난위험,봉화군
2168,2020-01-28 17:58,DMB인터페이스,DMB,재난위험,영주시
2169,2020-01-28 17:30,DMB인터페이스,DMB,재난위험,구리시
2170,2020-01-28 17:12,DMB인터페이스,DMB,재난위험,예천군
2171,2020-01-28 16:51,DMB인터페이스,DMB,재난위험,경상남도
2172,2020-01-28 13:28,DMB인터페이스,DMB,재난위험,평택시
2173,2020-01-28 10:14,DMB인터페이스,DMB,재난위험,제주특별자치도
2174,2020-01-28 8:42,DMB인터페이스,DMB,재난위험,서울특별시
2175,2020-01-28 0:18,DMB인터페이스,DMB,대설 경보,"강릉시,동해시,삼척시,홍천군,평창군,정선군"
2176,2020-01-27 19:02,DMB인터페이스,DMB,재난위험,서울특별시
2177,2020-01-27 17:32,DMB인터페이스,DMB,재난위험,부산광역시
2178,2020-01-27 17:00,DMB인터페이스,DMB,재난위험,"목포시,여수시,나주시,광양시,담양군,곡성군,구례군,고흥군,보성군,화순군,장흥군,강진군,해남군,영암군,무안군,함평군,영광군,장성군,진도군,신안군"
2179,2020-01-27 15:57,DMB인터페이스,DMB,재난위험,고양시
2180,2020-01-27 14:28,DMB인터페이스,DMB,재난위험,제주특별자치도
2181,2020-01-27 14:13,DMB인터페이스,DMB,재난위험,순천시
2182,2020-01-27 13:58,DMB인터페이스,DMB,재난위험,울산광역시
2183,2020-01-27 11:13,DMB인터페이스,DMB,재난위험,완도군
2184,2020-01-27 10:41,DMB인터페이스,DMB,재난위험,"창원시,사천시,부산광역시,울산광역시,남해군,거제시,고성군,통영시"
2185,2020-01-26 20:28,DMB인터페이스,DMB,풍랑 경보,"제주시,서귀포시"
2186,2020-01-26 13:02,DMB인터페이스,DMB,재난위험,전라북도
2187,2020-01-26 11:00,DMB인터페이스,DMB,재난위험,전라남도
2188,2020-01-26 10:12,DMB인터페이스,DMB,재난위험,대전광역시
2189,2020-01-25 17:02,DMB인터페이스,DMB,재난위험,완도군
2190,2020-01-25 16:50,DMB인터페이스,DMB,재난위험,제주특별자치도
2191,2020-01-25 11:31,DMB인터페이스,DMB,재난위험,충청북도
2192,2020-01-25 9:29,DMB인터페이스,DMB,재난위험,광주시
2193,2020-01-24 17:01,DMB인터페이스,DMB,재난위험,울산광역시
2194,2020-01-24 17:01,DMB인터페이스,DMB,재난위험,제주특별자치도
2195,2020-01-24 16:45,DMB인터페이스,DMB,재난위험,의정부시
2196,2020-01-24 16:27,DMB인터페이스,DMB,재난위험,세종특별자치시
2197,2020-01-24 16:27,DMB인터페이스,DMB,재난위험,전라북도
2198,2020-01-24 14:00,DMB인터페이스,DMB,재난위험,강원도
2199,2020-01-24 13:04,DMB인터페이스,DMB,재난위험,대전광역시
2200,2020-01-24 12:39,DMB인터페이스,DMB,재난위험,인천광역시
2201,2020-01-24 12:13,DMB인터페이스,DMB,재난위험,충청남도
2202,2020-01-24 11:56,DMB인터페이스,DMB,재난위험,경상남도
2203,2020-01-24 11:37,DMB인터페이스,DMB,재난위험,경기도
2204,2020-01-24 11:00,DMB인터페이스,DMB,재난위험,전라남도
2205,2020-01-24 11:00,DMB인터페이스,DMB,재난위험,대구광역시
2206,2020-01-23 18:11,DMB인터페이스,DMB,재난위험,연천군
2207,2020-01-16 9:59,DMB인터페이스,DMB,건조 경보,"강릉시,동해시,속초시,삼척시,정선군,고성군,양양군"
2208,2020-01-14 11:24,DMB인터페이스,DMB,대설 경보,울릉군
2209,2020-01-13 7:17,DMB인터페이스,DMB,화재 경보,완도군
2210,2020-01-10 17:14,DMB인터페이스,DMB,재난위험,"서울특별시,인천광역시,경기도,충청북도"
2211,2020-01-08 16:51,DMB인터페이스,DMB,재난위험,연천군
2212,2020-01-08 16:09,DMB인터페이스,DMB,풍랑 경보,"포항시,경주시"
2213,2020-01-08 10:58,DMB인터페이스,DMB,풍랑 경보,"영덕군,울진군"
2214,2020-01-08 3:04,DMB인터페이스,DMB,강풍 주의보,영동군
2215,2020-01-03 17:08,DMB인터페이스,DMB,재난위험,"세종특별자치시,충청북도,충청남도,광주광역시,전라북도"
2216,2020-01-03 16:40,DMB인터페이스,DMB,화재 경보,창녕군
